battery_power,dual_sim,fc,four_g,int_memory,pc,ram,talk_time,touch_screen,wifi,price_range
842,0,1,0,7,2,2549,19,0,1,8000
1021,1,0,1,53,6,2631,7,1,0,12000
563,1,2,1,41,6,2603,9,1,0,12000
615,0,0,0,10,9,2769,11,0,0,12000
1821,0,13,1,44,14,1411,15,1,0,8000
1859,1,3,0,22,7,1067,10,0,0,8000
1821,0,4,1,10,10,3220,18,0,1,15000
1954,1,0,0,24,0,700,5,1,1,5000
1445,0,0,0,53,14,1099,20,0,0,5000
509,1,2,1,9,15,513,12,0,0,5000
769,1,0,0,9,1,3946,7,0,0,15000
1520,0,5,1,33,18,3826,13,1,1,15000
1815,0,2,0,33,17,1482,2,0,0,8000
803,0,7,0,17,11,2680,4,0,1,12000
1866,0,13,1,52,17,373,3,0,1,5000
775,0,3,0,46,16,568,11,1,1,5000
838,0,1,1,13,4,3554,19,0,1,15000
595,1,7,1,23,17,3752,18,1,0,15000
1131,1,11,0,49,18,1835,16,1,0,8000
682,0,4,0,19,11,2337,18,1,1,8000
772,1,12,0,39,14,2819,3,1,0,15000
1709,0,1,0,13,2,3283,15,0,0,15000
1949,1,4,0,47,7,1433,20,0,1,8000
1602,1,4,1,38,20,1037,20,0,0,5000
503,1,5,1,8,13,2583,12,0,0,8000
961,1,0,1,57,3,2782,7,1,1,12000
519,1,7,1,51,19,3763,4,0,1,15000
956,0,1,1,41,6,3286,12,1,0,15000
1453,1,12,1,52,18,2373,10,1,1,12000
851,0,3,0,21,7,478,10,0,1,5000
1579,1,0,0,5,9,3532,12,0,1,15000
1568,0,16,0,33,20,508,6,1,1,5000
1319,0,3,1,41,18,2227,3,1,1,8000
1310,1,0,1,51,0,3845,12,1,0,15000
644,0,0,0,22,3,1262,15,0,0,5000
725,1,16,0,60,17,1326,15,0,0,8000
589,1,1,0,61,10,2113,2,0,1,8000
1725,1,6,1,6,18,3429,4,1,0,15000
790,1,16,1,11,17,3169,2,0,1,12000
560,1,15,0,50,20,2150,11,1,0,12000
1347,0,5,0,44,14,2484,11,0,1,12000
1646,0,8,1,41,10,3339,19,1,0,15000
1253,1,5,1,5,19,1878,4,1,0,8000
1656,0,5,1,34,7,1629,14,1,0,8000
1195,0,1,1,20,14,504,12,1,0,5000
1514,0,0,0,27,1,1152,20,1,1,8000
1723,1,1,0,42,14,3587,3,0,0,15000
1054,1,3,1,40,10,2296,12,0,1,8000
578,1,2,1,57,8,1270,5,0,1,5000
596,1,9,0,64,15,3238,10,0,0,15000
1547,1,2,1,14,19,2059,15,0,1,12000
1760,1,5,0,63,19,2053,16,1,0,12000
1654,1,0,1,43,0,3112,10,1,0,15000
1457,1,1,1,16,10,1440,12,0,1,8000
1073,1,0,0,51,0,2908,18,1,0,12000
1936,1,10,1,46,20,2552,13,0,0,12000
823,1,13,0,60,19,905,17,1,1,5000
987,1,0,1,61,9,3963,20,0,1,15000
1757,0,8,0,49,14,2056,4,0,0,8000
1063,1,2,1,48,4,2910,9,1,1,12000
1484,0,3,0,12,5,1457,20,1,0,8000
799,0,1,1,63,6,431,6,1,1,5000
1156,1,0,1,50,0,470,15,1,0,5000
1720,0,15,1,55,18,2148,5,1,1,12000
702,1,2,1,9,3,2955,19,0,0,12000
616,1,13,1,44,17,3366,13,1,0,15000
1358,0,11,1,36,14,3068,4,1,0,15000
1866,0,0,0,30,0,3834,8,0,0,15000
1242,1,0,0,10,1,1050,4,0,1,5000
1166,1,0,1,43,1,3993,7,1,0,15000
1448,1,6,1,45,11,3378,2,1,1,15000
1407,0,1,1,22,4,2192,13,0,1,12000
605,0,8,1,9,16,392,4,0,0,5000
1038,0,3,0,43,5,3709,12,1,1,15000
797,1,4,0,38,6,590,6,1,0,5000
819,1,8,1,42,20,1814,13,0,1,8000
1114,0,4,1,9,15,907,17,1,0,5000
1234,1,1,0,33,3,1449,6,0,1,5000
1199,1,15,1,16,20,3448,10,0,1,15000
1103,1,6,0,29,8,1837,16,1,1,8000
1589,1,0,1,58,7,3464,6,1,1,15000
999,1,11,1,64,19,2593,16,1,0,12000
1510,1,2,0,45,3,3484,11,1,1,15000
1008,0,11,0,61,15,2009,11,0,0,8000
1127,1,5,1,57,13,2048,17,1,1,8000
1412,0,5,0,25,17,837,4,0,1,8000
1496,1,4,0,42,5,854,7,1,1,5000
1083,1,1,1,64,11,3210,4,0,0,15000
668,1,0,0,3,13,2746,8,1,1,12000
1309,1,0,0,33,14,2334,11,0,1,12000
1724,1,2,1,57,5,2822,16,1,0,15000
1977,1,7,1,54,18,1971,14,1,0,12000
885,1,0,1,15,0,1410,5,1,1,5000
879,0,11,1,14,15,349,2,0,1,5000
1322,1,6,0,7,9,1418,12,1,0,8000
1137,0,18,0,7,19,3616,12,1,1,15000
1355,0,10,1,23,16,880,8,1,0,5000
1665,0,3,1,60,18,1601,14,0,0,12000
657,0,0,0,37,1,1412,18,1,0,5000
593,0,6,0,31,7,1692,7,0,0,8000
1883,0,3,1,10,13,2600,20,0,0,15000
1732,0,4,1,12,9,1308,11,0,1,8000
543,0,0,0,57,4,2413,15,0,0,8000
1939,1,0,1,55,10,1047,18,1,0,5000
553,1,1,1,8,3,1204,8,1,1,5000
832,1,2,1,39,3,1799,11,0,1,8000
1661,1,5,0,23,10,2676,11,1,1,15000
1657,0,3,0,42,16,2597,14,0,0,15000
1135,1,0,0,46,4,3029,9,1,1,15000
1775,0,3,0,41,7,2343,14,1,1,15000
783,1,0,1,43,4,2016,18,1,0,8000
617,0,0,0,32,20,2213,7,0,0,8000
867,1,0,1,4,1,790,3,1,0,5000
1310,1,13,0,7,14,3182,5,1,0,12000
1804,0,9,1,22,19,3472,20,0,1,15000
1900,0,1,1,18,9,2871,13,1,1,15000
909,0,0,0,53,0,3187,4,0,0,12000
1084,0,3,1,40,11,1945,10,1,0,8000
1308,1,8,0,46,12,488,9,1,0,5000
1778,0,0,0,15,0,1214,14,0,0,8000
1701,1,3,0,10,7,2598,6,1,0,12000
772,1,1,1,10,2,3242,4,1,0,15000
825,1,7,0,52,10,3534,6,1,0,15000
1379,0,5,1,36,7,3426,17,1,1,15000
1166,0,3,1,25,4,2488,15,0,0,12000
1659,0,5,0,16,20,3255,9,0,1,15000
826,1,0,1,58,1,2863,18,0,1,12000
1564,0,4,1,25,17,1496,7,1,1,8000
1957,1,11,0,31,16,3801,7,0,1,15000
1571,0,0,1,19,1,666,13,1,0,5000
1414,1,2,0,54,3,3799,7,0,1,15000
1790,1,9,0,2,14,1366,20,1,1,8000
645,0,1,0,41,10,2962,4,1,1,12000
668,1,7,0,30,12,2399,7,1,1,8000
1652,1,1,0,36,5,2338,20,0,0,12000
1213,0,0,0,16,0,2700,9,0,1,12000
1272,1,0,0,22,8,2235,4,0,0,8000
866,1,5,1,46,7,3825,2,1,1,15000
536,1,12,1,3,14,284,4,1,0,5000
523,1,1,0,14,2,1427,9,1,0,5000
1753,1,0,1,31,18,1324,17,0,1,12000
1218,1,1,1,14,4,398,5,0,0,5000
1537,0,4,1,43,5,3685,17,1,1,15000
786,1,0,0,33,6,2390,5,0,1,12000
1678,0,3,1,64,11,278,10,1,0,5000
1814,1,1,1,9,2,3556,16,0,0,15000
1101,0,0,0,31,7,2196,19,1,1,8000
1461,1,3,1,40,4,3799,4,0,0,15000
1216,0,4,0,47,7,2268,4,1,1,12000
506,0,6,1,41,7,2965,15,0,0,12000
843,0,1,1,56,17,2341,20,1,1,8000
742,1,4,0,56,14,3557,12,1,1,15000
1692,0,3,1,61,12,1354,19,0,0,8000
1485,0,2,1,32,9,2147,11,1,0,12000
1547,1,6,0,45,8,505,3,1,1,5000
1692,1,4,1,46,6,1394,6,1,0,8000
637,0,3,1,60,4,374,8,0,1,5000
1224,0,16,1,6,18,506,11,1,1,5000
1356,0,0,0,29,0,3702,19,0,0,15000
1840,1,12,0,34,16,1078,10,0,0,8000
1481,1,4,1,37,13,2945,16,1,1,12000
961,1,10,0,51,16,2981,7,1,1,12000
1296,1,0,1,14,3,490,4,1,1,5000
1193,0,11,0,26,20,536,4,0,1,5000
1441,1,11,1,3,17,2317,7,0,1,12000
517,1,3,1,33,8,3704,11,0,1,15000
748,0,0,1,27,4,2126,7,0,0,8000
1126,0,2,1,10,3,2050,12,1,1,12000
1572,0,0,1,58,8,2462,10,0,0,15000
1569,1,17,0,44,20,1260,17,0,0,8000
1270,1,2,1,32,6,3770,13,1,0,15000
1854,0,2,1,8,5,1886,20,1,0,8000
625,1,5,1,10,8,3323,7,1,1,12000
1577,1,0,1,42,4,2060,12,0,0,12000
534,1,0,1,16,1,3926,20,0,0,15000
946,1,8,1,25,15,2177,13,1,1,12000
685,0,2,0,29,10,728,4,0,1,5000
1949,1,0,0,23,1,2478,20,0,0,15000
947,1,0,1,22,13,2842,2,0,0,12000
801,1,2,0,63,4,1617,19,0,1,8000
703,0,12,1,30,20,1472,7,0,0,5000
1165,0,11,0,41,12,764,15,0,0,5000
1082,0,0,0,38,5,2337,17,1,1,12000
959,1,15,0,20,19,3965,6,0,0,15000
1502,0,0,0,54,12,3693,16,1,0,15000
1380,1,1,1,4,13,797,15,1,0,5000
1266,0,0,1,5,9,1687,18,0,0,12000
1934,1,0,1,46,17,2940,2,1,1,15000
1905,0,3,1,6,5,1545,10,1,0,8000
1831,1,2,0,43,5,3834,13,1,1,15000
596,0,8,0,46,18,2505,15,1,0,8000
1562,1,1,1,7,15,2243,6,0,0,12000
1490,1,4,1,64,8,3600,7,1,1,15000
1523,0,5,1,57,6,3971,10,1,1,15000
640,0,0,0,20,15,2844,18,1,0,12000
1526,0,1,1,23,8,2227,3,1,0,12000
1989,1,0,1,41,13,1665,12,1,1,12000
1308,0,0,1,61,7,3355,4,0,1,15000
609,0,3,0,26,4,1866,14,1,1,8000
1905,1,9,1,36,20,1287,16,0,0,8000
1703,0,0,1,22,0,1046,13,0,1,5000
1445,1,7,1,20,15,1441,13,1,1,8000
1087,0,0,1,16,9,690,6,0,1,5000
671,1,10,0,30,17,2504,15,0,0,12000
1472,0,6,0,61,19,2677,8,0,0,12000
765,1,0,1,47,1,2243,4,0,1,12000
1642,1,16,1,8,17,2984,17,0,1,12000
1265,0,7,0,49,16,1362,12,0,1,8000
664,1,1,1,51,4,3629,6,1,1,15000
1277,1,0,1,35,6,3559,6,1,0,15000
1395,1,0,0,23,1,2571,13,0,1,12000
1539,0,0,0,41,0,2107,10,0,1,12000
1049,0,9,0,63,17,1022,13,0,0,5000
1827,0,4,1,39,16,2844,10,1,0,12000
903,1,0,1,50,0,711,10,1,0,5000
1987,0,3,1,53,7,3117,8,1,1,15000
1154,1,0,1,49,2,978,7,0,1,5000
1336,0,5,1,17,9,1869,16,1,1,8000
1886,0,0,1,24,1,1179,20,0,1,8000
1551,0,4,0,51,6,3844,4,1,0,15000
850,1,6,1,29,19,593,10,0,1,5000
660,0,5,1,40,10,588,18,1,1,5000
1225,1,8,0,13,12,3836,11,0,0,15000
1452,1,1,1,25,11,2669,13,0,0,12000
1686,1,3,0,38,4,2958,2,0,0,15000
1634,0,1,1,17,5,3031,6,1,1,15000
1708,1,18,1,49,19,3388,16,1,1,15000
1151,1,0,0,31,1,2377,13,1,0,12000
1578,1,2,1,37,19,2458,3,0,1,12000
1689,0,17,0,24,18,2766,7,1,1,15000
1488,0,1,0,39,6,3054,19,0,0,15000
1313,1,4,0,9,6,3791,6,1,1,15000
1715,1,4,1,31,17,625,13,0,0,5000
1442,1,0,0,27,19,2227,20,1,0,8000
528,0,12,1,6,15,3256,6,1,0,12000
1523,0,6,1,11,8,707,19,1,0,5000
1133,0,3,0,42,12,1457,20,0,1,8000
1718,1,14,1,6,16,3755,8,1,1,15000
1330,0,0,0,38,1,1733,11,0,1,8000
1799,0,0,0,49,2,720,11,1,1,5000
633,0,0,1,49,1,3560,16,1,1,12000
724,1,0,0,44,0,2311,7,0,0,12000
822,0,0,1,51,20,3846,3,0,0,15000
1918,0,2,0,10,10,1717,16,1,1,12000
1891,0,7,1,37,14,3704,11,0,0,15000
1373,1,2,0,50,12,3800,14,0,0,15000
862,1,3,0,23,15,278,11,0,1,5000
1273,0,3,1,48,15,1767,11,1,0,8000
957,0,4,0,7,10,1846,7,0,1,8000
1617,1,3,1,30,4,829,10,0,0,5000
893,1,0,0,55,1,2986,6,1,1,12000
1210,0,0,0,63,0,2394,7,0,0,12000
708,1,0,1,63,7,2169,7,1,1,8000
835,1,2,0,7,7,1181,15,1,1,5000
1450,1,9,0,19,17,575,12,0,0,5000
973,0,5,1,57,16,2977,2,0,0,12000
601,0,4,1,4,13,532,10,1,1,5000
507,1,1,0,32,11,1702,5,1,1,8000
564,1,0,1,51,1,1074,15,1,0,5000
1559,1,6,1,6,17,3352,3,1,1,15000
754,1,7,1,59,10,1027,5,0,0,8000
728,1,0,0,25,1,2039,12,1,1,8000
1431,0,0,1,56,1,461,8,0,0,5000
767,0,4,0,28,10,527,15,1,0,5000
1722,0,8,0,18,16,3271,15,0,1,15000
1992,0,5,1,57,15,606,4,1,1,8000
1876,0,10,1,40,14,2513,16,1,0,15000
1054,1,10,1,38,12,1675,14,1,1,8000
1283,1,4,0,47,5,2698,17,1,0,12000
1281,1,0,0,28,6,1129,6,1,0,8000
1066,0,2,1,7,18,468,6,1,0,5000
730,1,0,1,4,2,1210,4,1,1,5000
1053,1,7,1,45,12,3086,5,1,1,15000
1611,1,11,0,3,14,1595,9,0,1,8000
793,1,5,1,30,15,2332,14,1,1,12000
1220,0,3,0,62,8,2589,15,1,1,12000
1662,0,0,1,61,13,3760,13,1,1,15000
1281,1,3,1,8,19,1851,9,1,0,8000
538,0,12,1,2,13,417,9,0,1,5000
823,0,0,0,39,4,294,11,0,1,5000
1733,0,3,1,36,20,3576,9,0,0,15000
1429,1,0,1,40,14,3945,18,0,1,15000
1839,0,9,1,54,11,927,18,0,1,8000
659,0,6,1,6,7,2044,2,0,1,8000
1953,1,7,0,56,9,2334,4,0,0,12000
1172,0,0,1,27,3,1477,6,0,0,8000
612,1,6,0,16,7,3161,3,0,0,15000
1563,0,0,1,24,0,3660,5,1,0,15000
1191,1,16,1,26,20,1604,9,0,1,8000
615,1,0,0,42,4,2211,18,0,1,8000
1893,1,8,0,63,11,3822,18,1,1,15000
1563,1,10,0,16,13,3922,8,0,1,15000
1995,0,6,0,9,18,1203,18,1,1,12000
1517,0,6,1,48,14,2822,11,1,1,15000
832,1,1,1,34,5,447,12,1,0,5000
1162,0,0,1,56,1,1652,20,0,0,8000
1595,0,7,0,12,19,3608,16,1,0,15000
1329,0,1,0,52,2,1228,6,0,1,8000
928,1,11,0,56,13,666,5,1,0,5000
1656,1,8,1,38,17,1499,19,0,1,8000
1937,0,17,0,58,19,3321,14,1,0,15000
977,1,2,0,57,7,1206,8,1,1,5000
768,0,16,1,56,20,952,16,0,1,5000
1464,1,11,0,12,14,3927,15,1,1,15000
1177,0,1,1,29,8,311,19,0,0,5000
1348,0,18,0,52,20,955,7,1,1,8000
1956,0,0,1,37,2,1109,19,1,0,8000
1751,1,6,0,8,20,2969,17,0,1,12000
1530,0,11,0,42,13,725,19,0,1,5000
1997,1,1,0,40,8,1655,15,0,0,12000
1414,1,5,0,44,6,3490,13,1,0,15000
1707,0,0,0,41,2,1774,10,0,0,12000
894,1,1,1,50,14,3615,6,0,1,15000
645,0,6,1,41,17,714,13,1,0,5000
1163,1,0,0,49,0,2768,12,0,1,12000
1126,0,3,0,49,17,3739,13,0,0,15000
1648,0,6,1,64,9,610,6,1,0,8000
1170,0,6,1,14,13,715,20,0,1,5000
508,0,7,1,42,8,663,7,0,0,5000
1097,1,6,0,64,8,1725,9,0,1,8000
728,1,0,1,5,20,834,5,1,0,5000
1980,1,2,1,29,13,3865,18,0,0,15000
1504,1,1,0,64,2,3059,10,1,0,15000
1379,1,14,1,63,17,651,7,1,0,5000
1698,0,5,1,18,20,796,14,0,1,5000
920,1,5,0,25,14,785,5,1,1,5000
1144,1,0,0,21,11,3252,8,0,0,12000
1995,0,6,0,26,15,1322,7,1,1,8000
1430,1,1,0,27,16,2832,15,1,1,12000
972,1,5,0,13,8,1615,13,1,0,8000
662,0,5,0,20,10,2125,15,1,1,8000
1867,0,0,1,9,3,990,2,0,1,8000
1730,1,0,1,20,10,1595,12,1,0,8000
1723,0,1,1,7,17,1213,16,1,1,8000
1882,1,8,0,47,13,2500,11,0,1,12000
803,1,0,0,18,1,2801,12,1,0,12000
580,1,0,0,47,1,3451,11,1,0,15000
668,0,2,1,48,19,1201,4,1,0,5000
1391,0,2,1,36,6,3139,14,1,0,12000
1560,0,0,1,22,1,1938,16,1,1,12000
821,1,5,0,54,9,3185,15,0,0,12000
811,1,5,1,2,13,2111,2,0,1,8000
1989,1,8,0,17,15,2369,18,1,0,12000
1034,1,6,0,37,20,3625,12,1,1,15000
618,0,2,0,6,4,1051,15,0,1,5000
654,0,0,1,52,4,1036,13,0,0,8000
576,0,2,1,10,7,2938,5,1,1,12000
667,0,6,1,3,13,2855,19,0,1,12000
869,0,7,1,57,15,2727,8,0,0,12000
635,1,2,0,42,4,2973,18,0,1,12000
609,0,15,1,44,16,2581,15,0,1,8000
1557,1,16,0,2,20,2690,9,0,1,15000
1604,0,2,0,33,5,916,12,1,1,5000
1182,0,7,1,8,16,2563,19,0,0,12000
848,1,10,1,19,18,3359,14,0,0,12000
1610,0,7,1,64,12,941,9,1,0,8000
1828,1,0,0,17,1,2280,4,0,0,12000
880,1,1,1,50,3,827,6,0,1,5000
1394,1,10,1,62,13,473,20,1,0,5000
1960,1,1,1,61,3,3865,11,0,0,15000
809,0,10,0,21,19,1274,3,0,0,8000
899,1,13,1,57,18,364,7,1,0,5000
1976,1,4,0,32,7,3699,13,1,1,15000
879,1,0,1,21,2,2927,11,0,1,12000
916,0,0,0,36,12,1470,14,1,0,5000
763,1,8,1,2,14,1050,8,1,0,5000
508,1,0,0,9,2,2616,10,1,1,12000
825,1,0,0,34,17,2915,10,1,0,15000
1864,0,8,1,46,12,2686,18,1,1,12000
1725,1,8,1,52,12,1243,5,1,1,8000
1108,0,10,0,52,12,3264,13,1,1,15000
1011,0,4,1,36,18,2261,16,1,1,8000
1703,1,17,1,55,19,2993,20,1,1,15000
1067,1,0,0,58,0,706,16,1,0,5000
1334,0,5,1,42,14,2542,8,0,0,15000
775,0,0,0,30,10,2523,9,0,1,12000
1899,0,0,0,26,0,336,4,0,1,5000
930,1,1,1,14,10,2457,17,1,0,8000
1058,0,2,0,19,14,418,16,0,1,5000
1187,0,0,1,46,9,3917,8,0,1,15000
1874,1,10,0,8,13,1246,2,0,1,8000
1482,0,2,0,48,10,2971,12,1,1,12000
1809,0,3,1,59,4,2324,16,0,1,12000
864,1,0,1,54,1,3121,16,1,1,12000
625,0,12,1,33,20,3801,2,0,0,12000
1880,0,4,1,18,5,3333,7,0,0,15000
1138,0,12,1,44,17,3475,3,0,0,15000
560,0,14,0,23,15,2360,18,1,1,8000
1117,0,1,0,12,8,2895,16,1,0,12000
1712,0,1,0,63,12,3652,19,0,0,15000
1836,1,3,0,26,16,3097,18,1,0,15000
1036,0,0,0,39,3,2101,2,1,0,8000
1860,0,15,0,23,16,3918,8,1,0,15000
1375,0,3,1,9,19,3869,10,1,1,15000
1945,1,0,1,57,1,732,14,1,0,8000
1896,1,8,1,7,13,3684,18,0,0,15000
788,1,4,1,57,12,3969,6,1,1,15000
880,1,0,0,33,2,1414,7,1,0,5000
1323,1,10,1,28,12,1892,15,1,1,8000
1868,1,0,1,42,4,3131,7,1,1,15000
1266,1,0,1,7,12,2532,4,1,1,12000
1042,1,16,1,50,18,3215,20,1,1,15000
1479,0,8,0,19,10,3323,6,0,1,15000
1476,1,0,1,55,5,1529,3,0,1,12000
1552,0,6,1,13,9,2403,9,1,1,12000
1454,1,1,0,34,3,3419,5,1,0,15000
1007,0,0,0,45,2,3648,16,0,0,15000
652,1,9,1,17,11,1974,12,0,0,5000
1504,0,12,1,34,15,2806,7,0,1,12000
1726,1,2,0,51,3,2239,13,0,1,12000
1029,1,5,1,5,8,582,4,1,1,5000
1582,0,2,1,44,13,3890,10,1,1,15000
1478,1,12,0,48,17,1141,6,0,1,8000
1178,0,0,0,49,0,2511,17,0,0,12000
707,1,2,0,25,17,3838,7,0,1,15000
755,0,5,1,51,12,2734,16,0,1,12000
912,0,1,0,54,5,2330,20,1,0,8000
651,1,2,1,63,4,2244,19,1,0,8000
1483,0,1,1,54,2,1851,2,1,0,8000
914,0,2,0,4,12,808,5,1,0,5000
1456,1,7,0,7,12,1587,20,0,1,8000
1178,1,6,0,57,17,2492,10,1,0,12000
1503,0,10,1,43,14,2122,2,0,0,12000
1681,0,2,0,11,13,1122,16,1,1,5000
715,1,4,0,48,6,3709,10,0,0,12000
1876,1,3,1,56,4,3021,18,0,0,12000
1190,1,9,0,47,10,624,19,1,1,5000
1755,0,0,1,24,2,3937,7,0,1,15000
1197,0,3,1,20,7,1797,4,1,1,8000
1048,0,10,1,28,19,1458,15,0,1,8000
1887,1,6,1,17,7,3348,16,1,0,15000
1772,1,3,0,64,15,1834,20,1,1,8000
1421,0,0,1,57,2,2775,14,0,1,15000
1464,1,0,1,17,8,1277,19,0,0,8000
728,1,4,0,23,5,457,16,1,1,5000
954,0,0,0,50,11,438,2,0,0,5000
685,1,8,1,13,15,3210,2,1,1,15000
1472,1,1,0,36,10,985,7,1,0,8000
853,0,10,1,3,16,3701,8,1,0,15000
1469,0,0,0,8,0,1052,3,1,0,5000
1310,1,6,0,57,9,1175,8,0,0,5000
1654,0,1,0,11,2,1070,14,1,1,8000
902,0,3,0,3,9,3411,15,0,1,15000
1448,1,13,0,26,16,1175,6,1,0,8000
1631,1,2,1,3,12,301,13,0,0,5000
1608,1,7,0,28,13,489,8,0,1,5000
1991,0,5,1,64,13,1733,8,1,0,12000
1349,1,15,0,62,16,2756,4,0,0,12000
1589,0,5,1,51,18,2612,16,0,0,12000
1844,1,1,0,51,3,1724,14,1,1,8000
712,1,3,1,35,10,2190,4,1,1,8000
972,0,0,1,54,4,1900,19,0,1,8000
1406,1,2,1,34,5,3915,2,0,1,15000
1289,0,10,1,25,12,1043,11,1,0,5000
932,0,1,0,64,2,3817,9,1,1,15000
1747,0,6,1,48,19,2362,19,1,0,12000
1172,1,4,0,41,7,1107,5,0,0,8000
1128,0,12,0,53,14,2982,12,1,0,15000
664,1,0,0,28,5,2042,19,1,0,8000
513,0,6,1,44,12,1343,9,1,0,5000
1742,1,9,1,43,12,2610,10,0,1,12000
1512,0,12,0,6,17,2335,7,1,1,12000
1986,1,3,1,51,20,1614,3,1,1,8000
965,1,5,0,13,14,1138,10,1,0,5000
1067,1,3,1,40,15,604,11,0,0,5000
1583,0,5,1,42,10,3652,9,0,0,15000
1653,1,2,1,37,6,3955,18,1,1,15000
1433,0,7,0,4,11,258,4,1,1,5000
765,0,0,1,18,0,1066,16,1,0,5000
1845,1,10,0,61,12,1731,6,0,0,8000
752,1,1,0,48,13,3860,16,0,0,15000
1948,1,8,0,16,10,3630,17,1,0,15000
1077,1,0,1,45,4,1965,6,1,0,8000
932,0,1,1,60,2,1459,19,1,0,5000
1968,0,0,0,22,7,2323,7,0,1,12000
1122,0,9,0,2,14,3291,13,1,1,12000
1588,0,0,1,61,13,3272,17,1,0,15000
601,0,4,0,26,18,918,12,0,0,5000
1615,0,14,0,15,16,3488,3,0,1,15000
1589,1,2,0,58,4,3961,14,0,1,15000
1417,0,2,1,56,4,590,6,0,1,5000
1697,0,1,1,34,3,3701,8,1,0,15000
1330,1,14,0,3,17,463,11,0,1,5000
1476,0,0,1,43,2,3644,6,0,1,15000
1579,0,0,0,27,18,1713,10,1,1,8000
1277,0,0,1,41,3,429,14,1,1,5000
1089,1,12,1,2,15,2765,10,0,1,12000
1663,1,13,1,27,14,2084,18,0,0,12000
1949,0,0,0,20,4,1125,9,0,0,8000
1138,0,5,1,48,14,2048,18,1,1,12000
685,0,7,0,17,20,1223,18,0,1,5000
1889,0,5,1,31,10,3672,3,1,1,15000
857,1,3,0,17,9,3100,13,1,0,12000
1902,1,6,0,50,9,343,18,1,0,5000
1225,0,0,0,15,0,1970,15,1,0,8000
1066,0,5,0,39,17,2728,17,1,1,12000
1554,1,11,0,5,12,3635,18,0,0,15000
1337,0,13,0,31,20,2180,16,0,1,8000
1926,1,1,1,33,2,2488,14,0,0,12000
869,1,3,0,34,4,3864,11,0,0,15000
1278,1,1,0,54,16,1155,20,0,1,5000
1773,0,16,1,32,18,3566,13,0,1,15000
1661,1,1,1,6,2,864,2,0,1,8000
1438,0,0,1,32,6,869,9,1,1,5000
1661,0,0,0,29,0,591,9,1,1,5000
1846,0,1,0,19,2,1333,11,1,1,8000
1260,1,2,1,23,10,2208,10,0,1,12000
512,1,7,0,15,15,2610,15,1,1,12000
581,0,0,0,59,6,2819,9,0,1,12000
1872,0,6,0,44,15,1955,15,0,1,12000
687,0,9,1,50,20,3416,8,1,0,15000
1062,1,6,0,10,13,3803,16,0,1,15000
1678,1,11,0,7,14,574,19,0,0,5000
1417,0,10,1,45,19,2129,12,0,1,8000
1074,1,2,1,9,14,1948,18,1,1,8000
1832,0,2,0,2,6,2978,18,0,0,12000
1039,0,0,1,12,0,1619,10,1,1,8000
1059,0,8,0,61,18,3716,11,1,0,15000
1606,0,3,0,57,4,3454,20,0,1,15000
1928,0,9,1,19,20,3777,13,1,1,15000
1875,1,11,1,55,17,2712,6,0,1,15000
1128,0,9,1,46,10,1434,11,0,0,8000
1748,1,6,1,14,7,3968,3,0,1,15000
1413,1,5,0,51,11,3383,2,0,0,15000
825,1,0,1,23,0,3278,2,0,1,15000
1589,0,3,1,26,16,3970,18,0,1,15000
535,1,8,1,54,15,2674,10,0,0,12000
1780,0,6,0,27,11,2776,14,1,1,15000
1671,1,7,1,61,11,2336,7,0,0,12000
1821,0,9,1,12,18,2430,6,1,1,12000
1076,0,3,1,38,8,891,9,1,0,5000
532,1,3,0,8,10,728,8,1,0,5000
777,0,3,0,30,17,3886,7,0,0,15000
1217,0,3,0,17,13,1711,9,0,1,8000
1656,1,0,0,16,2,2856,20,1,1,12000
1185,0,0,0,31,7,2447,3,1,1,12000
577,0,8,1,37,20,814,19,1,1,5000
737,1,7,0,49,16,2951,10,1,0,12000
704,1,4,0,53,6,3653,15,1,1,12000
525,1,5,0,51,11,1891,12,1,0,8000
504,1,5,0,16,9,701,15,0,1,5000
793,1,1,1,38,7,3139,12,1,1,15000
569,1,2,0,39,9,2811,7,0,1,8000
1590,1,3,1,21,18,1701,4,0,1,8000
707,0,0,1,16,0,1853,12,1,1,8000
767,0,16,1,19,17,2445,6,1,1,8000
1350,1,0,1,50,4,2287,8,1,0,8000
1117,1,0,0,31,7,2003,14,1,1,12000
641,0,0,1,7,3,3595,19,1,1,12000
1002,1,0,1,35,4,1726,19,0,1,8000
1408,1,10,0,45,14,3952,3,0,1,15000
1900,1,1,0,41,6,850,4,1,1,8000
726,0,0,0,43,0,1446,8,1,0,5000
1544,0,12,1,45,20,1300,18,1,0,8000
1454,0,6,1,21,10,719,10,1,1,5000
1230,1,6,0,26,7,988,9,1,1,5000
1552,0,10,1,53,18,2606,12,0,0,12000
1519,0,0,0,32,10,2912,15,1,0,12000
723,0,4,0,30,7,2339,17,1,1,12000
1191,1,2,0,13,7,1028,8,1,1,5000
1168,0,9,0,61,10,3173,17,0,1,15000
1229,1,15,0,14,16,1667,17,0,1,8000
1758,0,11,1,13,14,1897,15,0,0,12000
1290,0,0,0,3,4,1214,15,1,1,8000
574,1,16,0,38,17,3269,10,1,0,12000
1271,0,12,0,32,15,445,14,0,1,5000
1170,0,4,0,30,15,1073,8,1,0,5000
1269,0,14,0,52,15,665,5,0,0,8000
1288,1,15,0,50,20,3129,2,0,0,15000
1366,1,0,1,34,9,3501,3,0,0,15000
1572,1,7,1,8,8,3461,10,1,1,15000
1627,1,9,1,32,16,3206,16,1,0,15000
1701,0,13,1,46,15,3717,10,1,0,15000
1900,1,0,1,55,1,3917,18,0,1,15000
1974,0,4,0,24,13,861,6,0,1,5000
1197,1,9,0,20,10,2885,14,1,1,12000
587,1,4,0,6,16,2777,14,1,0,12000
934,0,7,0,24,12,1017,9,0,1,5000
1195,1,1,1,23,9,980,17,0,0,5000
1853,0,2,0,23,15,2775,17,0,0,15000
1164,0,4,1,19,18,3309,3,0,1,15000
1512,0,8,1,18,17,3607,6,1,1,15000
1232,1,1,1,24,17,1257,16,0,0,5000
1813,1,0,1,5,8,759,14,1,0,5000
946,1,17,0,5,20,3720,4,1,0,15000
739,1,2,1,58,4,475,6,0,1,5000
704,0,8,1,29,10,1122,10,1,1,5000
1663,0,0,0,40,15,1336,15,0,0,8000
1966,1,2,0,40,18,1185,20,1,0,12000
1219,1,0,0,17,4,705,6,1,1,5000
612,0,6,0,35,12,3169,6,0,0,12000
1658,0,0,1,39,5,3483,15,0,1,15000
1263,0,12,0,64,18,1183,17,0,1,8000
1395,0,0,1,55,1,3373,16,1,0,15000
621,1,0,0,54,20,2801,5,1,1,12000
652,1,1,0,58,2,565,9,0,1,5000
1175,0,10,0,25,12,3153,12,0,0,12000
561,0,0,0,11,10,3421,5,1,1,12000
1137,0,6,1,3,7,316,17,0,0,5000
1835,0,4,1,11,13,448,14,0,0,5000
1170,1,2,0,40,5,2366,2,1,1,8000
1595,1,0,1,44,20,3881,9,0,1,15000
1719,0,0,0,12,7,462,5,0,0,5000
1770,1,0,0,7,6,1480,17,0,0,8000
1312,1,0,1,28,0,1087,14,0,0,8000
1878,1,5,1,56,13,2711,3,1,1,12000
1871,0,7,1,20,14,2144,12,1,1,12000
922,1,1,1,35,15,1165,4,1,1,5000
1975,0,6,1,16,11,2998,13,1,0,12000
1212,0,1,1,46,8,2249,4,1,1,12000
1430,0,3,0,56,5,752,17,0,1,5000
1958,1,0,0,4,3,1409,3,0,0,8000
1836,1,0,1,30,15,3072,5,1,0,15000
557,0,0,0,24,0,1305,3,0,1,5000
539,1,9,0,21,14,3597,9,0,0,12000
880,1,1,0,44,15,3132,6,1,1,12000
1369,1,6,0,34,7,3856,18,1,1,15000
1109,1,1,0,39,9,1524,7,1,1,8000
843,1,0,0,16,6,3673,20,0,1,15000
598,1,7,0,21,10,3293,7,0,1,12000
972,1,1,0,5,2,3035,19,0,1,12000
1944,0,5,1,36,18,584,13,1,0,8000
1225,1,0,1,2,1,2675,15,1,0,12000
644,1,7,1,30,16,2382,19,0,1,12000
1919,0,5,1,48,6,1391,12,0,1,8000
501,0,12,1,54,19,2346,2,0,1,8000
1620,1,0,1,30,3,606,18,0,0,5000
1227,1,0,0,34,3,1324,12,1,1,8000
1359,1,1,1,58,3,1076,4,1,1,5000
1914,0,1,0,35,2,643,8,0,1,8000
1645,0,1,0,21,2,783,20,0,0,5000
1063,0,0,1,26,2,3809,5,0,1,15000
946,0,0,1,19,0,2104,16,1,0,8000
1231,1,5,0,54,10,1762,6,1,0,8000
1397,1,13,0,9,18,3137,11,1,1,15000
701,0,7,0,15,11,1756,17,1,1,8000
570,1,2,0,9,5,3663,14,0,0,15000
1993,0,10,1,27,11,2437,9,0,0,12000
955,1,4,0,43,8,1432,9,1,1,8000
924,1,0,1,47,6,1620,12,0,0,8000
600,0,0,0,14,2,1655,9,0,0,5000
518,1,0,0,3,1,2832,8,0,1,12000
1063,0,0,1,31,10,961,5,1,0,5000
920,0,2,0,46,3,2608,2,0,1,12000
1715,0,4,1,3,6,514,13,0,0,5000
1841,1,6,0,14,8,2304,18,0,1,12000
543,1,4,1,60,7,933,5,1,0,5000
1762,1,13,1,25,14,1896,20,1,1,8000
1112,1,1,0,53,16,3655,20,1,0,15000
709,1,0,0,35,0,1973,16,1,1,8000
1315,0,7,0,64,16,3278,13,0,0,12000
1762,0,10,1,15,11,2183,11,1,0,12000
1462,1,1,0,25,18,824,13,0,1,5000
571,1,8,0,35,20,2598,8,1,0,8000
666,1,7,1,54,13,1254,9,1,1,5000
1994,1,2,1,7,7,3622,20,0,1,15000
1583,1,11,0,14,16,1704,2,0,1,12000
1778,1,3,1,45,17,1624,9,1,0,8000
1926,0,13,1,50,17,3809,17,1,0,15000
966,0,9,1,50,10,2574,5,0,1,12000
568,0,1,0,36,4,950,9,0,0,5000
1897,0,1,1,21,2,273,3,1,1,5000
1695,1,6,1,46,9,446,15,1,1,8000
1623,0,6,1,61,12,1510,17,1,0,12000
914,0,0,1,26,0,1122,2,1,1,5000
1721,1,4,1,33,5,707,5,1,1,5000
890,1,4,0,44,13,751,3,0,0,5000
600,0,1,0,48,7,3393,8,0,0,12000
1677,1,4,0,11,8,3771,12,0,0,15000
723,0,0,1,3,3,1851,16,0,0,8000
638,1,11,0,27,17,2735,9,1,0,12000
852,1,4,1,62,13,2253,7,1,0,8000
1979,1,0,0,32,1,452,14,1,0,5000
710,0,6,0,32,9,1419,18,1,0,5000
1034,1,2,1,45,4,969,7,0,0,5000
600,1,8,1,22,11,3441,5,0,0,12000
1027,0,2,1,64,7,3786,12,0,0,15000
1260,0,5,1,13,6,2710,8,1,0,12000
1793,1,10,0,12,17,3533,15,1,1,15000
675,0,10,0,60,15,1735,13,0,1,5000
658,0,0,1,12,3,3587,20,0,0,15000
1694,0,0,1,34,7,2298,2,1,0,12000
804,1,12,1,41,13,2027,11,0,0,8000
1713,1,1,0,27,3,2406,20,0,1,12000
706,0,13,1,31,19,2419,4,0,1,8000
1362,0,3,0,25,9,995,18,1,1,5000
1527,0,10,1,60,14,2078,11,1,1,12000
768,1,0,0,19,1,1145,7,0,1,5000
1314,1,8,1,41,12,626,4,1,1,5000
705,0,5,1,57,9,1509,18,1,1,8000
1403,0,2,1,26,3,3371,9,0,1,15000
1486,0,7,0,52,15,297,15,1,0,5000
781,0,2,0,38,7,3508,5,0,1,15000
986,0,1,1,23,3,2385,19,0,0,8000
1310,0,0,0,33,14,1301,19,0,1,8000
560,1,6,1,57,12,2167,7,0,1,8000
1348,0,0,0,43,6,3914,8,0,1,15000
1567,1,3,0,22,6,2312,18,0,0,12000
1940,1,4,0,17,7,2297,8,1,0,12000
1979,1,0,1,19,9,411,2,1,1,5000
561,1,7,1,2,13,665,4,1,0,5000
1717,0,1,0,62,3,3226,5,1,0,15000
535,0,1,1,48,4,740,18,1,0,5000
1413,1,4,1,39,12,3878,4,0,0,15000
1358,1,0,0,20,0,3406,11,0,1,15000
1519,0,2,0,30,8,2440,10,1,1,12000
1254,1,2,0,50,6,3959,17,1,0,15000
1591,0,3,1,49,7,3703,20,1,0,15000
977,1,2,0,35,15,3714,10,1,1,15000
1640,0,10,1,21,14,337,5,1,0,5000
663,1,0,0,25,1,3176,2,0,1,12000
1744,0,1,1,20,3,1205,14,0,0,8000
1624,1,8,0,28,10,2473,2,0,0,12000
1108,1,14,1,2,20,1229,4,1,0,5000
1188,1,0,1,9,0,2896,16,0,1,15000
817,0,0,0,11,11,2039,19,1,0,8000
863,1,5,1,6,13,520,18,0,1,5000
1397,1,5,1,3,15,1378,4,1,1,8000
1108,0,3,0,49,12,3254,16,0,0,15000
1068,1,1,1,37,13,1803,7,0,0,8000
1702,0,12,1,52,15,2501,4,0,0,15000
808,1,0,0,8,1,3762,12,0,1,15000
1156,0,6,0,61,9,1796,13,1,1,8000
1271,1,2,0,54,3,990,6,1,1,5000
696,0,6,0,51,8,2630,9,0,1,8000
1981,1,13,0,45,18,1380,13,1,0,8000
614,1,0,1,58,2,3487,11,1,1,12000
1590,1,0,0,7,17,1201,18,1,1,8000
1945,0,4,0,21,10,3015,15,0,0,15000
1135,1,9,0,43,11,3204,6,0,0,15000
1049,1,8,1,2,10,433,6,0,0,5000
1807,0,2,0,49,10,1906,13,1,1,12000
984,0,13,1,42,17,898,13,1,0,5000
720,1,0,1,61,8,2799,15,0,1,15000
1536,0,12,0,13,20,2020,16,1,0,12000
771,0,3,0,25,6,770,20,1,0,5000
503,0,3,0,57,11,305,16,0,1,5000
675,0,1,0,42,2,2953,13,1,0,12000
1936,1,13,1,34,14,1671,9,0,1,8000
1303,1,0,1,15,10,2574,14,1,1,12000
1004,1,0,0,35,9,3772,18,1,1,15000
1972,1,0,0,37,1,2870,17,0,0,15000
1822,0,0,0,8,0,2577,8,1,0,12000
1159,0,5,1,18,7,2246,3,1,0,8000
1782,1,6,1,58,13,2405,16,0,1,12000
894,1,16,0,16,20,3377,6,1,1,12000
1884,1,7,1,43,18,3619,7,1,1,15000
1648,0,1,1,17,3,1184,2,0,1,8000
798,0,5,0,4,9,2965,14,1,0,12000
802,1,1,0,45,9,3713,8,0,0,15000
1276,1,2,0,53,3,3798,8,1,1,15000
1331,0,0,0,16,7,1026,20,0,1,8000
1620,1,6,0,5,18,1086,13,0,0,8000
1996,0,5,1,51,9,2236,12,0,1,12000
1092,1,8,0,45,10,1303,20,1,1,8000
1018,1,7,0,63,18,3048,2,0,1,12000
545,0,0,1,11,1,616,19,1,1,5000
554,0,0,0,12,10,3764,4,1,1,12000
1264,1,2,1,34,3,419,3,1,1,5000
1030,1,3,1,58,20,2858,18,1,1,15000
1432,1,6,1,39,18,504,10,1,0,5000
558,0,1,1,49,4,392,8,1,1,5000
829,0,0,0,56,1,820,11,0,1,5000
1741,0,0,0,14,0,3387,3,0,0,15000
1849,0,7,1,15,19,3447,19,0,1,15000
733,0,5,1,7,10,1403,2,1,0,5000
1872,1,0,0,16,2,2295,16,0,1,12000
1853,1,1,0,27,13,1973,8,0,1,12000
1149,0,4,0,30,5,3755,8,0,0,15000
891,1,9,1,25,19,2073,10,0,1,8000
1911,0,7,1,64,8,3872,11,1,0,15000
550,0,16,1,23,17,302,8,0,0,5000
576,0,0,1,27,4,1519,8,0,1,8000
1760,0,1,1,50,2,2549,4,1,0,12000
969,0,0,0,45,0,404,19,0,1,5000
1160,0,1,1,63,2,595,15,0,1,5000
827,1,2,1,18,16,1663,17,1,1,5000
1786,0,9,1,58,10,2764,7,1,1,15000
774,1,2,1,8,4,2614,14,1,1,12000
819,1,0,1,11,1,1094,15,0,0,5000
1042,0,15,1,11,16,2826,2,0,0,12000
1368,1,10,0,50,18,2496,5,1,1,12000
1592,0,6,1,50,17,2103,7,0,0,8000
1067,1,11,0,14,15,966,13,0,1,5000
1892,0,5,0,47,10,2172,3,1,1,12000
915,0,6,0,56,17,905,12,1,0,5000
774,0,7,1,55,18,3916,12,1,0,15000
1848,1,2,1,42,10,3902,3,0,1,15000
1501,0,12,1,2,15,2487,16,1,1,12000
1614,0,8,1,55,17,3914,13,0,0,15000
911,0,0,0,46,1,363,17,1,0,5000
1520,0,1,1,24,8,3233,4,0,1,15000
1647,1,3,1,38,15,2532,15,0,1,12000
1347,1,8,1,53,15,3836,14,0,1,15000
967,0,4,0,25,9,3076,18,1,1,12000
1442,0,0,1,56,3,1513,7,1,0,12000
1204,0,0,0,10,3,1724,19,0,0,8000
1320,1,0,1,41,2,542,14,1,0,5000
1800,0,2,1,8,6,3481,8,0,1,15000
1567,1,3,0,22,19,3991,10,0,0,15000
1439,0,12,1,20,17,1790,15,0,1,8000
1422,0,15,0,3,17,509,3,1,1,5000
1591,1,4,1,52,16,282,14,1,1,5000
880,0,2,0,6,19,3006,3,0,0,12000
1929,1,0,1,19,2,1913,6,1,0,8000
1642,1,0,0,5,2,1333,2,0,1,12000
1511,1,3,0,21,18,3746,5,0,0,15000
1312,0,5,1,10,9,3941,13,1,1,15000
1852,0,4,1,10,18,3970,11,0,1,15000
972,0,8,0,44,10,3925,7,1,0,15000
691,1,4,1,33,8,424,15,1,1,5000
807,0,9,0,8,20,1284,2,1,1,5000
1113,1,0,0,25,10,277,12,0,1,5000
721,1,10,0,16,18,1713,4,1,1,8000
1188,1,0,0,54,2,485,7,1,0,5000
1512,0,1,0,52,14,3002,7,0,1,12000
805,0,0,0,64,14,418,17,1,1,5000
918,1,1,0,8,5,1652,14,1,0,8000
1320,1,7,0,48,16,2893,9,0,1,12000
1236,1,2,1,57,14,1406,20,0,1,5000
1387,0,0,1,61,0,629,11,1,0,5000
1883,1,6,1,30,10,3724,20,1,1,15000
839,1,0,0,14,3,3835,11,0,0,15000
1593,0,0,1,52,0,1354,13,1,1,8000
1722,0,7,0,25,19,2376,19,0,1,15000
1954,1,8,0,7,9,3438,13,0,0,15000
1788,1,15,1,2,20,2655,4,0,1,12000
1628,0,5,1,33,8,3361,13,0,0,15000
1965,0,6,1,4,9,3535,16,1,1,15000
833,0,4,0,27,6,2150,7,1,1,8000
571,0,1,1,43,8,2587,18,0,0,8000
1808,1,1,0,31,16,2736,8,0,1,15000
1860,1,2,1,55,3,676,4,0,1,5000
1368,1,4,0,9,7,2941,17,1,0,15000
1161,1,0,1,21,12,3336,14,0,1,15000
1224,0,9,0,33,18,3796,13,1,0,15000
902,1,0,0,63,14,3654,15,1,1,15000
787,0,15,0,11,16,2934,14,0,1,12000
854,0,2,0,30,5,2889,11,0,1,12000
1184,1,1,1,48,6,3315,14,1,1,15000
1973,1,5,1,39,6,1993,5,0,0,12000
510,1,3,0,35,6,2509,11,1,1,8000
966,0,8,1,34,10,3534,11,1,1,15000
1438,0,3,0,16,7,2246,15,0,0,12000
1986,0,7,0,51,9,3165,13,0,0,15000
1907,0,13,0,55,15,286,17,0,1,5000
1489,1,8,0,32,16,776,8,0,0,5000
1843,1,13,1,16,18,3213,15,1,0,15000
825,0,11,0,38,18,716,14,1,0,5000
1286,0,10,1,16,18,424,4,1,0,5000
840,0,0,1,63,19,3486,18,1,0,15000
757,1,5,1,58,7,3237,9,0,1,12000
814,1,2,0,41,10,1944,12,0,0,8000
1195,1,2,1,8,6,643,19,0,0,5000
767,0,7,1,10,12,2317,12,1,1,12000
1068,0,6,1,52,7,1436,15,0,0,8000
994,1,0,0,56,3,3190,20,1,1,12000
1550,0,6,0,21,11,2338,15,1,0,12000
1878,0,9,0,29,19,1334,2,0,0,8000
623,0,2,0,6,4,3657,19,1,0,12000
1829,0,0,1,15,7,2080,12,0,1,12000
525,1,11,0,35,20,1609,3,0,0,5000
1065,0,0,1,14,2,3078,18,0,1,12000
1425,0,9,1,35,14,590,6,1,1,5000
1296,1,3,0,11,4,2552,10,1,1,12000
642,0,3,0,34,15,3355,13,0,0,12000
1664,1,9,1,15,19,1968,9,0,0,12000
1498,0,3,1,8,4,3358,19,0,0,15000
981,1,0,0,2,7,1539,19,0,0,5000
1236,0,6,1,32,18,942,14,1,1,5000
1673,1,7,0,9,10,3669,10,0,1,15000
712,0,6,1,9,14,3612,4,0,0,15000
569,1,10,1,4,19,2351,10,1,0,8000
603,1,0,1,64,0,604,8,1,1,5000
1332,1,2,0,11,4,1285,9,1,0,8000
1413,0,0,1,13,0,515,18,1,0,5000
1064,1,1,1,34,13,654,6,0,0,5000
1444,0,2,0,48,17,2540,15,1,1,15000
1366,1,5,1,53,9,3869,14,0,1,15000
906,1,7,0,18,11,3412,16,0,0,15000
1554,1,3,1,47,12,509,19,0,0,5000
1187,0,0,1,21,6,2547,5,1,0,12000
1156,1,1,1,30,16,2735,13,0,1,12000
1918,0,1,0,22,5,1369,6,1,1,8000
841,1,8,0,39,13,2942,16,1,1,12000
730,1,6,0,6,10,2812,17,0,0,12000
878,0,13,1,31,18,3497,11,1,0,12000
1059,1,0,0,50,1,619,18,1,1,5000
1578,0,8,0,3,20,3483,16,0,0,15000
1829,0,0,0,36,1,1475,7,0,0,8000
1132,0,0,0,8,4,1950,6,1,1,8000
1652,1,4,1,40,6,3592,6,0,0,15000
912,1,0,0,58,1,3573,20,1,0,15000
1181,0,12,1,61,16,2020,18,1,0,8000
1497,0,5,0,32,9,1329,7,1,0,12000
1790,1,3,1,49,11,3568,18,0,1,15000
1742,0,3,0,49,9,1947,6,0,1,12000
1549,0,4,0,8,7,1998,15,1,0,12000
1372,0,7,0,34,17,725,20,0,0,5000
1112,0,0,1,12,6,3302,20,1,1,15000
1005,0,0,0,46,17,3884,20,1,1,15000
783,1,9,1,27,11,1185,6,1,1,5000
1698,0,10,1,26,18,1656,17,0,1,12000
899,0,3,1,53,11,2870,10,0,1,12000
1062,0,3,0,45,4,911,9,0,0,5000
989,0,4,0,17,19,3892,19,1,0,15000
1983,1,6,1,27,11,3897,10,1,1,15000
1800,0,5,0,53,12,656,18,0,1,5000
1254,0,0,1,45,3,606,2,1,1,8000
868,0,0,0,30,0,1653,17,0,0,8000
1205,1,3,0,12,6,860,14,0,1,5000
1284,1,0,0,10,14,2197,9,1,1,8000
626,1,2,1,23,9,3458,11,0,1,12000
1763,1,1,1,53,20,2066,17,1,1,8000
694,1,15,0,36,20,3676,5,0,1,15000
1265,1,4,1,49,5,1518,8,0,1,8000
816,0,4,0,14,13,1018,15,0,0,5000
904,0,3,1,35,4,1360,11,0,0,5000
979,1,0,1,5,2,3449,14,0,0,15000
1531,0,0,1,60,1,2524,7,0,0,12000
934,1,2,0,30,15,703,7,0,1,5000
1624,1,0,0,58,11,1251,18,1,1,8000
874,0,5,0,8,20,582,15,0,0,5000
1027,0,0,0,63,4,1732,13,1,1,8000
1966,1,15,1,48,16,1252,19,1,1,12000
1048,0,2,1,29,4,2146,2,0,0,8000
1496,1,13,0,38,14,1927,6,0,1,8000
959,0,15,0,13,16,3328,10,1,1,12000
1349,1,5,0,55,7,2462,17,0,1,12000
1689,1,0,1,13,9,1172,17,1,1,5000
1558,0,0,1,27,1,3598,12,0,1,15000
582,1,3,0,27,10,2437,2,1,1,12000
1485,0,3,1,44,14,3271,8,1,0,15000
1991,0,11,0,9,12,1511,9,0,0,8000
553,1,2,1,23,3,2981,14,0,0,12000
1231,1,2,0,7,7,3119,15,1,0,15000
805,0,1,0,34,2,3647,9,0,1,15000
764,1,1,0,13,2,3148,6,1,0,12000
894,0,5,1,54,15,2829,13,0,1,12000
1589,0,9,0,46,16,2373,20,1,0,12000
1456,1,9,1,39,10,3998,13,1,0,15000
743,1,0,1,33,1,316,4,0,0,5000
1061,0,3,1,52,4,999,9,1,0,5000
1428,0,0,0,7,2,1808,13,1,0,8000
674,1,0,1,8,0,589,4,1,0,5000
832,0,0,1,46,0,3317,19,1,0,15000
1625,1,2,1,50,17,670,8,0,0,5000
907,1,3,0,42,16,584,6,0,0,5000
1631,0,2,1,13,16,2173,8,1,0,12000
1584,0,6,0,41,15,1561,17,0,1,8000
1382,0,7,1,13,18,2073,9,0,1,8000
633,0,0,1,46,10,1401,11,1,0,8000
1444,0,9,0,38,16,3764,10,0,0,15000
852,1,6,1,54,7,1275,12,0,1,5000
922,0,0,1,47,14,1464,12,0,1,8000
1745,1,4,1,57,16,2885,5,1,1,15000
862,0,9,1,6,14,3458,9,1,1,15000
1754,1,1,1,52,3,3019,19,0,1,15000
1008,0,3,0,36,14,1083,6,0,0,8000
1569,1,3,0,33,13,3538,15,0,1,15000
1596,1,7,0,7,9,2493,13,1,1,12000
1807,1,2,1,61,6,3726,15,0,0,15000
1660,1,4,0,7,6,1531,7,0,0,8000
1861,0,4,1,55,8,601,4,0,0,8000
648,1,4,0,8,19,2991,4,0,1,12000
1379,1,1,0,19,17,3912,19,1,1,15000
1910,0,0,0,34,0,309,10,0,1,5000
1807,1,0,1,13,0,323,3,1,1,5000
1923,1,7,0,46,10,1489,3,1,1,8000
1345,0,7,1,38,11,1322,15,0,0,8000
904,1,5,1,14,9,1846,3,0,1,8000
1239,1,5,1,52,10,417,6,0,1,5000
1330,0,6,1,52,12,3269,8,1,0,15000
516,1,1,0,30,12,3731,15,0,0,12000
672,1,0,0,54,11,667,14,0,0,5000
892,0,0,1,47,18,1241,9,0,1,8000
1778,0,0,1,23,11,3941,13,0,0,15000
1130,0,4,1,58,14,1018,16,0,0,5000
1359,0,4,0,59,6,3142,17,1,1,15000
1866,1,3,1,47,9,1444,20,0,0,8000
1597,0,11,0,34,14,934,9,1,0,5000
1046,1,0,1,58,0,3863,9,1,1,15000
1035,1,2,1,44,3,3506,12,1,0,15000
1175,0,2,0,19,9,1944,9,1,0,8000
1261,1,0,1,11,0,348,14,0,1,5000
1068,1,9,0,51,15,550,6,1,0,5000
1713,1,5,1,20,17,971,10,0,0,5000
1688,0,0,1,21,0,3984,8,1,1,15000
1413,1,4,1,45,6,2973,15,0,1,15000
559,0,10,0,11,14,2019,16,1,1,8000
1483,1,13,0,19,19,1587,19,0,0,8000
860,1,13,0,48,18,1870,18,0,0,8000
1090,1,5,0,27,16,1352,11,1,0,8000
686,0,11,0,3,15,570,19,1,0,5000
818,0,14,0,43,15,546,7,1,1,5000
1456,1,5,0,49,20,3624,16,1,0,15000
774,1,2,1,10,9,2944,2,1,1,12000
1068,1,0,1,19,9,1209,12,1,0,5000
1373,1,1,1,29,12,2752,7,1,1,15000
1777,0,3,0,20,5,3868,7,1,1,15000
594,0,2,1,28,3,3087,4,1,1,12000
1524,1,5,0,57,12,947,16,1,1,5000
511,1,12,0,50,16,1484,8,0,0,5000
1402,1,3,0,46,12,347,12,0,1,5000
965,0,15,0,53,19,3227,8,0,0,12000
1270,0,0,0,58,1,3299,16,0,1,15000
919,1,11,0,13,15,1028,17,0,0,5000
1963,0,16,1,34,17,714,2,0,1,8000
1977,1,2,0,31,6,2641,7,0,0,15000
1881,0,4,0,51,7,1229,14,0,0,8000
683,0,5,0,19,17,2622,5,0,1,12000
772,1,7,0,6,10,929,18,1,1,5000
536,0,0,1,53,0,1211,7,0,1,5000
1694,0,0,0,53,0,1653,6,0,0,12000
1633,1,3,1,33,19,511,7,1,0,5000
1371,0,4,0,52,19,3034,8,0,0,12000
551,0,0,1,54,15,1414,19,0,1,5000
1221,0,1,1,28,7,2438,10,1,1,15000
1000,0,12,0,63,18,3744,7,0,1,15000
1986,1,3,1,64,20,1377,15,1,1,8000
1119,1,0,1,23,1,3520,7,0,0,15000
1699,1,1,0,59,3,3796,12,1,1,15000
1099,0,13,1,61,20,1699,3,1,1,8000
1576,0,7,0,58,16,336,13,1,1,5000
950,0,9,0,55,10,1095,13,1,0,5000
1081,1,13,0,49,17,325,6,0,1,5000
606,0,1,1,53,2,1223,7,0,0,5000
502,1,7,0,37,12,1649,14,1,0,8000
957,0,0,1,4,0,1898,3,1,0,8000
1658,1,0,1,38,0,2609,19,0,0,12000
1681,1,6,0,18,7,2265,20,1,1,12000
1983,1,3,0,43,10,2775,3,1,1,12000
1753,0,8,1,12,17,1445,12,1,1,8000
1632,0,0,0,41,1,2614,15,0,0,12000
1949,0,7,0,57,11,356,19,0,0,5000
1696,0,1,0,13,2,523,4,1,1,5000
688,1,0,0,57,3,3745,4,1,0,15000
1104,0,1,1,60,13,1229,3,1,1,5000
1122,0,0,0,28,4,1402,3,1,0,8000
504,1,2,1,46,14,2085,8,0,0,8000
1154,0,12,1,14,14,587,4,1,1,5000
1727,0,2,1,63,8,2457,7,0,1,15000
1674,1,0,1,52,7,2030,6,0,0,12000
1948,1,5,1,18,14,816,3,0,0,5000
1218,1,3,0,39,14,1667,12,0,0,8000
531,0,10,0,63,14,2958,19,1,0,12000
1057,0,4,0,5,13,3705,13,0,0,15000
576,0,1,0,30,5,2800,16,1,1,12000
1960,0,1,0,7,9,3773,6,1,1,15000
673,1,3,1,22,5,2050,17,1,0,8000
718,1,0,1,21,7,1754,9,0,1,8000
864,0,3,1,35,7,1904,13,1,1,8000
547,1,1,0,37,4,2705,10,1,0,8000
623,0,1,1,3,7,3537,3,0,1,15000
1793,1,11,0,27,13,1370,19,0,1,8000
1720,1,0,0,19,3,1222,7,0,0,8000
812,1,1,0,64,7,3102,2,0,0,12000
980,0,0,1,33,0,2268,4,1,0,12000
643,0,9,1,18,12,2648,18,1,1,8000
1925,1,0,1,16,11,2173,19,1,0,12000
1408,0,3,0,32,6,3162,3,0,0,15000
1522,1,4,0,28,5,1368,17,0,1,8000
587,0,16,1,51,17,2746,7,0,1,12000
1959,1,5,0,18,20,619,8,1,1,5000
1872,1,3,0,17,6,724,9,0,1,8000
1043,0,7,0,42,8,912,6,1,0,5000
1809,0,6,0,23,19,2784,20,1,1,15000
1703,0,5,1,23,7,793,17,1,0,5000
1095,0,4,0,45,5,560,10,1,0,5000
1414,0,1,0,27,20,312,8,0,1,5000
1659,0,2,0,41,18,545,9,1,1,5000
1540,1,1,0,60,12,1591,2,0,1,8000
1342,0,0,1,31,1,2746,10,1,0,15000
1189,0,13,0,8,14,893,13,1,0,5000
518,0,0,1,62,0,2514,7,1,1,8000
1449,1,3,1,10,12,1032,8,1,1,8000
516,1,0,1,39,7,819,10,1,1,5000
1569,1,8,0,59,16,3672,15,0,1,15000
1312,1,0,0,24,0,3833,17,1,0,15000
1893,1,1,0,23,3,1482,17,1,0,12000
1076,0,3,0,14,4,2043,14,0,0,8000
530,0,1,0,40,2,1229,2,1,0,5000
1044,1,7,0,33,13,1816,15,0,1,8000
1330,0,11,0,37,20,2166,4,0,0,12000
1836,1,0,0,14,1,2469,7,1,1,12000
1741,0,1,1,55,3,2575,7,1,1,12000
1869,0,0,1,30,13,1375,19,0,0,8000
1331,0,8,0,55,15,1732,11,0,1,8000
1655,1,6,1,4,12,673,12,0,0,5000
605,0,9,1,18,14,2301,8,0,0,8000
1245,0,2,0,30,3,2676,7,0,0,12000
1709,0,8,1,58,10,1781,17,0,0,12000
846,0,0,1,58,15,2248,13,0,0,12000
1403,1,3,0,62,13,921,18,0,0,5000
688,0,0,0,2,2,391,8,1,1,5000
775,1,1,1,10,14,1719,18,1,1,8000
1154,0,6,1,35,16,3262,16,0,0,15000
1375,1,2,1,35,3,1947,15,1,1,8000
1827,0,4,0,61,9,2693,7,1,1,15000
1697,0,0,1,60,0,441,11,1,0,5000
741,0,1,0,14,13,1886,9,1,1,5000
1672,1,13,1,32,20,1267,20,1,0,8000
514,0,4,0,57,7,687,20,1,1,5000
1375,1,2,0,12,13,2890,12,0,0,15000
989,1,4,1,55,12,1737,10,0,1,8000
1510,1,11,0,47,13,887,5,0,0,5000
1266,0,1,0,18,2,398,3,1,1,5000
1396,1,0,0,46,1,2389,15,0,1,12000
808,0,3,0,45,9,3431,13,1,1,15000
1542,0,1,0,43,11,3601,16,0,0,15000
745,1,5,0,35,10,2459,16,1,0,8000
1735,1,0,1,59,0,3230,9,1,0,15000
586,1,1,0,57,5,3646,11,1,1,15000
1341,1,0,0,36,1,2200,15,1,0,8000
781,1,1,0,64,7,3862,9,0,0,15000
501,1,14,0,22,20,3077,17,0,0,12000
1224,1,2,1,44,9,621,14,1,1,5000
1970,1,11,1,58,19,2372,2,1,0,12000
618,1,0,1,63,1,2574,5,1,0,12000
1537,0,11,1,46,17,2857,2,1,1,15000
1018,0,8,0,16,10,3143,20,1,0,15000
1545,1,15,1,35,20,3197,6,0,1,15000
1871,0,4,1,41,5,2727,11,0,0,15000
1729,1,1,0,12,6,1519,5,0,1,8000
680,1,9,1,9,11,2438,17,0,0,12000
1106,0,4,0,54,9,2674,9,0,1,12000
635,1,1,1,50,13,2107,12,0,0,8000
618,0,8,0,16,14,2262,4,1,0,12000
1671,1,13,0,5,18,815,10,1,1,5000
1562,1,0,1,52,9,2829,3,1,1,12000
1975,1,2,0,31,17,3022,19,0,1,15000
831,0,2,1,62,9,2573,18,0,1,12000
1524,1,0,0,10,1,2678,13,0,1,12000
1528,1,3,1,55,6,1282,11,1,1,8000
1447,1,2,0,9,16,568,8,0,0,5000
1344,0,1,0,14,3,2074,5,1,0,8000
564,1,1,0,8,3,2227,14,0,1,8000
921,1,1,0,60,3,1080,6,0,1,5000
1413,0,2,0,10,6,2867,15,1,0,12000
831,0,10,0,55,12,1075,3,1,0,5000
802,1,3,0,43,6,3063,4,1,0,12000
1923,0,3,0,24,4,2479,15,1,0,12000
1193,0,10,0,56,17,2394,14,1,0,12000
904,1,10,1,31,11,2814,19,0,0,12000
1285,0,1,1,51,2,2094,10,0,0,8000
1635,1,0,1,2,0,2315,2,1,0,12000
1923,1,5,1,14,6,2519,16,0,1,12000
1851,1,3,1,12,11,735,14,0,1,5000
727,0,0,1,32,1,1891,7,0,1,8000
1396,1,0,1,44,1,1386,8,1,1,8000
877,1,9,1,46,14,3260,6,0,0,12000
696,0,11,1,35,13,2022,4,0,1,8000
1009,1,2,0,2,14,1716,15,0,0,8000
1526,1,2,1,38,6,3317,8,1,1,15000
987,1,1,0,20,3,1454,8,1,0,5000
1414,1,0,1,49,1,2290,12,1,0,8000
1732,0,2,0,61,3,3940,20,1,1,15000
1587,0,0,0,50,15,461,4,0,1,5000
1097,0,10,1,21,15,2219,12,0,1,12000
504,1,0,0,40,0,470,16,0,0,5000
1159,0,13,1,28,18,2495,9,1,1,12000
1910,0,0,0,29,2,2944,2,1,1,12000
865,1,8,0,59,9,2361,19,0,1,12000
1930,0,11,0,16,12,1783,13,0,1,12000
860,1,8,1,40,13,2832,20,1,1,12000
1268,0,9,1,42,17,931,20,1,0,5000
999,1,0,1,27,1,1344,5,0,0,5000
622,0,0,1,9,0,3916,5,0,1,12000
1250,0,8,0,44,20,1882,14,0,0,8000
763,0,9,1,51,12,2865,9,1,1,12000
1100,0,12,0,15,14,757,16,1,1,5000
815,1,4,0,51,12,3469,6,0,1,15000
618,1,2,1,57,7,2399,17,1,1,8000
553,1,0,1,18,1,3300,20,0,0,15000
673,1,2,0,3,9,2719,9,1,1,12000
563,1,3,0,47,12,3012,15,0,0,12000
1590,1,12,1,14,15,2836,4,0,0,15000
1031,1,2,1,11,9,2385,16,0,0,12000
909,1,9,0,30,10,594,4,1,1,5000
1880,0,0,1,7,1,2968,3,1,0,15000
1479,1,0,1,24,0,3762,5,0,0,15000
1271,1,0,0,2,1,892,20,1,0,8000
709,0,11,1,13,15,467,5,1,1,5000
1744,0,0,1,62,0,345,14,0,0,5000
1314,0,0,1,40,1,3033,17,1,1,15000
1136,0,0,1,9,2,2110,16,0,1,12000
1039,0,11,0,56,13,3105,5,1,1,12000
1300,0,5,0,62,7,874,10,1,0,5000
732,1,7,1,39,11,3681,15,1,1,15000
511,1,1,1,52,10,3865,7,0,1,12000
1092,1,10,0,11,14,737,11,1,0,5000
921,1,12,1,10,18,3153,11,1,0,15000
1030,0,4,1,37,8,2800,12,0,1,12000
1130,1,0,0,27,8,315,11,1,0,5000
1299,1,2,0,60,6,1412,20,1,1,8000
1009,1,7,1,2,15,2286,13,0,0,12000
1735,1,16,0,34,17,2392,19,0,1,12000
1129,1,0,0,49,2,1857,5,1,1,8000
708,0,0,0,26,1,1419,16,1,1,5000
894,0,2,1,58,3,3305,2,0,0,12000
530,0,1,0,32,20,959,6,1,0,5000
1481,1,0,0,35,0,2635,4,0,1,12000
1068,1,0,1,45,1,1754,9,0,1,8000
1487,0,6,1,57,12,2563,14,0,0,12000
1524,1,11,1,41,20,1936,9,1,1,8000
1093,1,2,1,22,14,1869,4,1,1,8000
1816,1,0,0,50,2,3637,16,0,1,15000
627,0,2,0,20,8,896,14,0,0,5000
989,0,13,1,51,15,2349,20,0,1,8000
1895,0,2,1,5,11,774,6,1,0,8000
805,1,0,1,58,10,3397,2,0,0,12000
713,0,7,1,2,9,485,4,1,1,5000
864,0,10,1,24,15,3964,12,1,0,15000
1177,0,1,0,11,7,1887,11,1,1,8000
582,0,8,0,32,11,2977,20,1,1,12000
1898,1,3,1,56,4,2114,19,1,1,12000
1158,1,1,1,29,20,1542,15,0,1,8000
1451,0,5,1,57,12,3038,18,0,1,15000
1820,0,5,0,51,10,2481,11,0,0,12000
984,1,3,1,9,20,841,16,0,0,5000
580,1,0,0,24,5,3565,8,0,1,12000
1263,0,0,0,5,3,1958,4,1,1,12000
1237,0,2,0,27,5,2454,8,1,1,12000
514,0,7,1,37,9,3392,5,1,1,15000
1515,0,0,1,56,1,262,20,1,0,5000
721,1,6,1,6,9,530,8,0,1,5000
603,1,3,0,35,16,3703,9,0,1,15000
1426,0,2,1,55,7,2562,3,0,0,12000
1820,1,0,1,64,3,574,18,1,0,8000
1215,0,4,0,16,8,2632,15,0,1,12000
697,1,5,1,20,6,259,4,1,1,5000
717,1,4,0,10,5,688,15,1,0,5000
1348,1,5,0,36,6,2554,12,1,0,12000
1164,1,0,0,61,6,3859,17,1,0,15000
578,0,9,1,62,13,2977,5,1,1,12000
1971,1,0,0,40,19,571,17,1,0,5000
1794,1,5,1,55,7,402,14,0,1,5000
1558,0,2,1,32,3,878,17,1,1,5000
1597,0,4,1,4,19,2130,15,1,0,12000
1240,0,0,0,39,9,3260,17,0,1,15000
1994,1,2,1,7,4,454,6,1,0,5000
1221,0,7,1,35,19,2638,14,1,1,12000
989,1,11,1,24,17,2819,5,0,1,12000
1180,0,5,1,50,20,1464,20,1,1,8000
718,0,10,0,59,13,1824,3,1,0,8000
1670,1,0,0,47,15,876,5,1,0,8000
534,0,1,1,21,9,2706,18,1,0,12000
1566,1,0,0,20,0,659,13,1,1,8000
1935,0,0,1,29,9,455,6,0,1,5000
504,1,2,0,54,10,2378,2,0,0,12000
913,1,1,1,41,14,2278,18,1,0,8000
1317,1,2,0,43,3,3436,5,1,1,15000
917,0,1,1,31,2,3424,13,1,0,15000
712,1,1,0,49,3,401,10,0,1,5000
1083,0,6,0,52,20,681,19,1,1,5000
1039,0,5,1,6,8,3212,7,0,1,12000
1747,0,4,0,13,12,3105,10,0,0,15000
1449,1,0,0,52,0,2036,10,1,0,8000
1872,1,14,0,49,18,3153,5,1,0,15000
1796,1,5,0,7,6,1642,3,1,1,8000
1097,0,0,0,60,17,509,12,0,0,5000
1562,1,1,1,20,10,3465,6,1,0,15000
1433,0,8,1,27,12,3900,2,0,1,15000
740,0,1,0,12,11,1105,19,1,1,5000
676,0,1,1,39,5,2064,6,0,0,8000
503,1,1,1,13,4,3117,9,0,1,15000
1020,0,13,1,7,18,1142,8,0,1,8000
896,1,3,1,4,4,1060,4,1,1,8000
1824,0,4,1,19,5,2381,5,0,0,12000
1512,1,1,1,54,2,3366,11,0,1,15000
1053,0,7,0,42,17,1339,14,0,1,5000
1944,1,0,1,31,10,2560,8,0,0,15000
1174,1,1,1,25,8,285,3,0,1,5000
627,1,3,1,12,17,2476,10,0,0,8000
1602,0,4,1,46,5,1862,2,0,1,8000
1733,1,4,1,6,15,3488,10,1,1,15000
586,1,10,1,8,14,3178,10,0,1,12000
1528,0,2,0,37,3,733,14,1,0,5000
875,0,2,0,23,7,756,6,0,0,5000
1602,0,12,0,58,13,3622,17,1,1,15000
1426,0,4,1,12,16,1277,5,0,0,8000
1370,0,5,1,6,8,3703,11,1,0,15000
609,0,4,1,10,6,1905,18,1,1,8000
840,1,5,1,15,8,2636,6,1,0,12000
991,0,2,1,12,6,2014,10,0,0,12000
1724,0,0,1,9,1,3056,6,0,0,15000
584,0,0,1,19,0,465,4,1,0,5000
860,1,1,1,49,13,3869,20,1,1,15000
1541,1,10,1,28,15,1108,7,0,1,8000
615,1,7,0,58,8,1906,5,0,0,8000
912,1,6,1,46,11,851,4,1,1,5000
1278,0,10,1,60,14,3142,19,0,1,15000
1365,0,0,1,31,0,1300,13,0,1,5000
1702,0,7,0,36,9,1430,10,0,0,12000
589,0,1,1,59,4,362,6,1,1,5000
1347,1,10,0,56,19,2456,13,1,1,12000
1644,0,0,1,44,0,2360,19,0,0,12000
956,1,1,0,42,11,3700,7,1,0,15000
1089,1,10,0,2,20,2620,13,0,0,12000
871,0,2,0,52,3,437,17,0,0,5000
664,0,5,1,6,19,3774,18,0,0,15000
1874,0,1,0,19,9,1218,17,1,0,8000
1928,0,5,0,5,16,696,15,1,1,5000
888,1,2,1,33,17,3407,20,0,0,15000
1077,1,1,0,58,13,3902,3,0,0,15000
1023,1,5,1,30,7,2086,19,1,1,8000
1426,0,2,1,42,10,1356,16,0,1,8000
831,1,7,1,26,11,1704,20,1,1,5000
1496,1,0,1,6,9,3571,11,1,1,15000
1433,0,2,1,5,11,2132,19,0,1,8000
1095,1,0,1,44,5,3209,8,1,1,15000
643,1,3,1,23,9,2096,2,0,0,8000
1142,0,0,1,6,0,1273,6,0,0,8000
730,1,3,1,27,10,3623,15,1,0,12000
1901,0,5,1,41,17,368,12,0,0,5000
1510,1,1,0,32,8,854,10,0,1,8000
1924,0,0,1,59,0,3646,16,0,1,15000
1825,1,13,1,17,18,3130,2,0,1,15000
1275,1,3,1,5,9,3784,4,1,0,15000
987,0,9,0,17,17,3885,14,1,0,15000
1538,0,6,1,13,7,1494,12,1,1,8000
1965,0,4,1,29,13,2973,20,1,1,15000
808,0,7,0,20,14,1471,11,1,0,5000
712,0,6,0,27,11,2001,12,1,1,8000
1507,1,0,1,42,0,1486,19,0,0,8000
912,0,3,0,47,6,1321,6,1,1,5000
769,0,2,0,17,4,1877,11,0,1,8000
948,0,14,0,22,20,3499,19,1,1,15000
507,1,0,1,39,0,2124,12,1,0,8000
1384,1,15,0,60,18,1221,15,0,1,8000
1766,0,1,0,29,20,2316,6,0,1,12000
1407,1,5,1,16,6,1068,8,1,0,8000
614,1,3,1,24,7,1930,4,0,1,8000
1972,0,9,0,14,18,1316,8,1,0,8000
1039,1,8,0,47,9,1742,15,0,0,8000
511,1,5,1,34,13,3265,14,0,0,12000
1811,0,4,1,5,16,2700,8,1,1,12000
1159,0,3,0,36,8,2115,18,0,0,12000
1848,1,7,0,12,19,3915,8,0,1,15000
1988,0,0,1,16,1,3144,14,0,0,15000
1469,0,3,1,58,8,1571,2,0,0,12000
1423,0,12,0,44,13,2253,9,0,0,8000
1974,1,9,0,10,12,1433,17,0,0,8000
835,1,2,1,42,18,2583,13,1,1,12000
1429,0,8,0,42,9,1817,16,0,0,8000
947,0,1,1,51,15,2915,6,1,1,12000
1446,1,0,1,18,1,3340,16,1,1,15000
1332,1,5,1,7,19,2790,10,1,0,12000
1498,1,0,1,14,1,577,12,1,0,5000
1576,1,0,1,14,4,3220,6,1,0,15000
1398,1,8,1,26,12,3488,11,1,0,15000
1885,1,12,1,14,15,1277,16,0,1,8000
798,1,7,0,2,15,3593,3,1,0,12000
1436,1,0,1,42,1,2736,19,1,0,15000
1998,0,8,0,31,19,2311,18,1,0,12000
1321,0,0,1,63,9,1464,16,1,1,8000
1021,0,7,0,9,12,1355,14,1,0,8000
1339,1,0,0,40,1,2382,7,0,1,12000
1210,1,9,0,57,20,1886,17,0,1,8000
1949,1,2,1,31,9,832,19,0,0,8000
882,1,9,1,28,16,751,8,0,1,5000
1549,1,0,1,27,7,436,11,0,0,5000
1991,1,1,1,42,13,722,10,1,0,5000
796,0,2,0,12,8,1075,2,1,0,5000
1012,1,4,0,39,6,2802,10,1,0,12000
1318,1,0,1,11,15,1780,2,0,0,8000
1708,0,8,1,14,16,1247,16,0,0,8000
598,1,8,1,62,9,3066,19,1,0,12000
541,0,4,0,51,17,403,12,0,0,5000
818,1,2,1,23,17,2518,3,1,0,12000
1414,0,0,1,15,0,1069,14,0,0,5000
601,1,3,1,6,11,2651,9,0,1,12000
561,1,2,1,40,6,2974,19,0,1,12000
1616,1,3,0,52,8,657,2,1,0,5000
1263,1,1,1,32,2,3372,10,1,0,15000
1604,1,0,1,63,2,1464,20,1,0,8000
539,1,1,0,24,2,1326,3,1,0,5000
1071,0,0,0,49,5,3393,7,0,0,15000
826,1,0,1,57,0,323,7,0,1,5000
771,0,2,0,62,8,1628,6,1,0,8000
1811,0,0,0,33,2,2610,13,1,0,15000
1842,1,7,0,56,10,3721,4,1,1,15000
1420,1,1,0,50,8,763,17,1,1,5000
1763,1,12,0,10,19,792,13,0,1,5000
1163,0,6,0,2,20,1568,19,0,0,8000
1805,0,0,0,29,2,1276,17,1,0,8000
610,1,9,0,52,19,3472,12,1,1,15000
1533,1,18,1,17,20,2520,11,0,1,12000
1924,0,3,1,63,10,3423,19,0,0,15000
1801,1,6,0,52,10,258,9,0,0,5000
1726,0,1,1,42,3,1868,6,0,0,12000
794,1,15,0,14,19,2171,18,0,1,8000
1686,1,4,0,28,8,780,5,0,0,5000
1444,1,0,0,6,1,712,10,0,0,5000
1004,1,0,1,30,1,1012,13,1,1,5000
1242,0,8,0,28,9,318,19,0,0,5000
539,0,6,1,26,8,3948,15,1,1,15000
717,1,2,1,14,6,629,20,0,0,5000
1540,1,0,1,29,1,1161,5,0,0,5000
672,0,7,1,35,17,1403,6,0,0,5000
1325,0,0,1,13,8,3707,18,1,0,15000
950,0,6,1,55,7,1305,4,0,1,5000
948,1,6,0,18,7,2926,9,1,1,12000
1328,0,5,1,27,18,2674,5,0,1,12000
1447,0,3,0,40,5,471,20,0,1,5000
1973,1,3,0,21,7,1724,8,0,1,8000
1731,1,18,0,60,20,1220,20,1,0,8000
1617,0,1,1,63,10,2754,8,1,1,12000
1791,1,1,1,33,4,594,16,0,1,5000
851,1,7,1,54,9,1005,14,0,1,5000
856,1,0,1,14,7,2439,12,1,1,8000
714,0,1,0,30,2,2302,10,1,1,8000
951,0,6,1,15,17,1083,16,1,0,5000
1303,0,6,1,10,15,2219,15,1,1,12000
1550,0,2,0,32,5,1571,14,0,0,12000
1759,0,10,1,15,13,2107,16,1,0,12000
1448,1,18,0,2,19,593,18,1,1,5000
1987,0,0,0,50,18,857,6,1,0,8000
908,0,1,0,44,2,3518,7,1,1,15000
820,1,2,0,58,4,1284,17,0,1,5000
904,1,4,0,19,7,545,16,0,0,5000
667,1,4,1,6,10,3566,12,0,1,12000
1109,0,1,0,34,4,2821,17,0,1,12000
1333,0,3,1,59,5,3442,5,1,0,15000
1352,0,5,1,6,9,1309,14,0,0,8000
1600,1,1,0,19,9,1179,18,0,1,8000
1454,1,8,0,37,20,1713,19,0,0,8000
1489,1,0,0,9,1,1663,14,0,1,8000
1823,1,11,0,10,19,1812,19,1,1,12000
1581,0,9,0,41,19,1384,2,1,1,8000
1672,1,1,1,44,4,1348,7,1,1,8000
1283,1,0,1,27,6,3957,6,0,0,15000
630,0,9,1,14,13,1212,12,0,0,5000
659,0,0,1,24,2,3925,10,1,1,15000
1811,1,0,0,32,0,348,18,0,1,5000
688,0,9,0,40,20,1382,8,1,0,8000
514,1,5,0,18,8,980,16,0,1,5000
1933,1,1,0,16,9,838,18,1,0,5000
915,0,8,1,31,20,378,9,1,0,5000
1006,1,4,1,22,8,909,7,0,1,5000
1134,0,2,1,13,19,3632,19,1,0,15000
599,0,0,1,64,1,3396,7,0,0,12000
973,1,5,0,53,7,1861,16,1,0,8000
1180,0,0,1,27,1,348,19,1,1,5000
1237,0,7,0,13,12,2528,16,0,0,12000
659,1,7,1,5,10,2190,16,1,0,8000
1142,1,6,0,6,8,663,5,1,1,5000
1002,1,16,1,11,18,961,19,0,1,5000
1392,0,0,1,44,2,1280,16,0,1,8000
602,0,9,0,50,18,2189,16,1,0,12000
1249,0,3,1,55,8,531,13,1,1,5000
531,1,0,1,12,3,2331,20,0,1,8000
1450,0,1,0,31,4,794,9,1,1,8000
1342,0,1,0,50,8,2644,11,1,1,12000
832,0,5,1,22,8,1666,20,1,1,8000
867,0,0,1,57,0,2157,18,0,0,8000
1404,0,16,0,44,20,1196,5,0,1,8000
840,1,6,0,33,7,2072,19,1,0,12000
1368,0,10,1,42,20,1590,14,0,0,8000
1927,1,3,0,11,12,2916,18,1,1,15000
1714,1,7,0,31,10,3707,19,0,1,15000
1201,0,1,1,10,5,726,3,1,0,5000
1796,0,4,0,44,11,3577,4,1,0,15000
1147,1,11,0,28,13,2627,15,0,1,12000
776,0,0,1,20,9,685,7,1,1,5000
510,0,0,0,33,10,1693,5,1,0,8000
1045,1,3,1,40,7,2137,12,0,1,12000
1497,1,4,1,10,20,3696,3,0,1,15000
1425,0,0,1,33,2,3771,9,0,1,15000
726,0,0,1,40,20,1342,4,1,1,5000
1576,0,0,1,20,0,1379,16,0,1,8000
714,1,5,1,11,6,1164,19,1,0,8000
1595,1,1,0,63,20,908,6,0,1,8000
541,0,0,1,10,0,1019,15,1,0,8000
1617,0,14,0,29,20,3685,18,0,0,15000
1154,1,2,1,5,13,1470,12,0,0,8000
1638,0,6,0,2,11,2299,9,1,1,12000
1150,0,0,0,39,1,999,11,1,0,5000
1254,0,0,1,44,10,3011,12,1,0,12000
1806,1,2,1,54,11,3142,6,0,1,15000
603,0,8,0,12,20,1543,19,1,0,8000
1834,0,7,1,40,11,3692,16,1,0,15000
520,0,0,1,31,14,2753,17,0,1,8000
565,1,1,0,50,8,2156,6,1,1,8000
1689,0,11,0,9,15,2637,3,0,0,12000
742,0,0,0,21,1,331,7,0,0,5000
1143,1,1,1,22,6,1214,16,1,0,8000
761,0,9,0,3,15,2248,15,1,1,12000
959,1,0,0,36,14,3073,8,1,1,15000
772,1,7,1,8,8,422,15,0,0,5000
1015,0,5,0,12,14,2293,2,1,0,8000
1824,1,9,1,2,14,3958,19,1,0,15000
1130,1,1,1,29,14,432,10,1,1,5000
1183,1,3,1,48,12,1152,3,0,0,5000
574,1,0,1,26,2,1303,2,0,1,5000
1472,0,4,1,20,6,797,11,1,0,5000
1868,0,2,1,40,17,298,17,1,0,5000
1375,0,2,0,20,7,3847,12,0,1,15000
881,0,1,0,64,6,2110,6,1,1,8000
1742,1,5,1,43,7,1921,3,1,0,12000
1225,1,6,0,60,15,2423,6,0,0,12000
1970,1,0,1,15,0,1658,20,1,1,12000
1186,1,2,0,21,4,2361,7,0,0,8000
1762,0,7,0,60,10,1380,14,0,0,8000
1731,1,4,1,4,18,3892,4,1,1,15000
852,1,5,1,8,9,315,20,0,0,5000
848,1,4,1,36,16,2289,19,1,1,8000
1575,1,0,1,11,20,2182,17,1,0,12000
1554,1,7,0,23,18,2184,20,0,1,12000
1972,0,0,0,48,2,2872,11,0,1,15000
827,1,9,1,35,17,2367,15,0,1,8000
1063,0,7,0,3,10,1919,20,1,0,8000
1695,1,1,0,34,10,3296,14,0,0,15000
1343,1,5,1,14,10,462,11,1,1,5000
834,0,2,1,27,16,1591,20,1,0,8000
595,0,0,1,20,18,1593,2,0,1,5000
1081,1,13,1,42,17,2456,7,0,0,8000
911,1,3,0,14,4,2933,11,1,0,15000
844,1,1,1,22,2,3154,7,0,0,15000
1335,0,3,0,60,4,3615,9,0,0,15000
1883,0,9,0,24,16,3563,3,0,0,15000
1128,1,6,0,33,7,1440,19,0,0,8000
826,1,14,1,57,17,1907,5,0,0,8000
1650,0,0,1,38,1,324,2,1,1,5000
1162,0,0,0,50,10,1404,15,1,1,8000
1517,0,2,1,8,18,2738,12,0,0,12000
963,0,1,1,60,3,2722,16,0,0,12000
1837,1,5,1,12,6,2294,20,0,1,15000
1028,0,1,1,30,10,1424,13,0,1,8000
1831,1,4,0,55,9,1133,10,1,0,8000
571,1,5,1,58,11,555,11,0,1,5000
1770,0,0,0,9,5,3785,14,0,1,15000
970,1,5,0,59,19,3675,12,0,0,15000
642,0,0,1,38,10,435,2,1,0,5000
622,1,12,0,11,14,3183,4,1,1,12000
600,0,9,1,6,15,3495,7,1,0,12000
1412,0,9,0,57,10,1853,18,0,1,8000
733,0,7,0,16,12,2648,19,1,0,12000
1070,0,9,0,19,16,2647,20,1,0,12000
875,1,1,0,30,8,702,15,1,1,5000
1994,0,5,0,5,7,1836,18,0,0,12000
823,1,9,1,18,16,3894,9,1,0,15000
1908,0,9,1,30,19,2944,17,0,1,15000
790,1,7,1,44,8,3424,9,1,0,15000
1330,1,1,0,40,5,2678,14,1,1,12000
1660,0,2,1,15,8,2424,9,1,0,12000
1776,0,2,0,20,16,2671,12,1,1,15000
1611,1,4,1,27,10,3078,6,0,1,12000
1410,1,0,1,15,1,2304,18,1,0,12000
1772,0,17,1,45,18,1146,17,1,0,8000
1280,0,0,1,39,1,2335,2,0,1,8000
1712,1,2,0,23,19,1422,15,1,0,8000
1562,0,0,0,55,1,2096,3,0,0,12000
891,1,1,1,18,3,1303,4,1,1,5000
1957,1,18,1,36,19,1115,18,0,1,8000
1110,0,1,0,42,2,456,18,1,0,5000
875,1,1,1,43,3,3396,18,0,0,15000
1211,0,0,0,28,3,2750,14,1,0,12000
769,1,12,1,54,19,941,20,0,1,5000
671,0,7,1,2,19,2278,2,0,0,12000
1872,0,5,1,26,10,2273,8,0,1,12000
1076,1,0,1,14,0,2355,2,1,1,12000
1325,0,2,0,50,10,2328,2,0,0,12000
911,1,1,1,28,2,2638,13,1,1,8000
1273,0,1,0,23,14,558,13,0,0,5000
1062,0,3,1,39,4,1345,11,0,1,5000
1317,0,6,0,12,9,425,11,1,1,5000
940,0,0,0,16,1,2192,9,1,1,8000
729,0,0,0,14,2,3397,17,0,1,12000
1494,0,6,1,3,17,1208,17,1,0,8000
1546,1,2,1,27,6,267,16,1,0,5000
1253,0,0,1,34,10,3518,8,1,1,15000
895,1,6,0,16,14,3122,4,0,1,12000
793,1,0,1,43,2,1050,3,1,1,5000
1628,1,11,0,56,13,3358,12,1,1,15000
625,1,2,0,42,3,2929,17,0,0,12000
1110,0,2,1,12,5,624,15,0,0,5000
999,0,6,0,49,17,1598,8,1,0,8000
1856,1,0,1,24,1,2052,10,1,0,12000
1715,1,9,1,15,20,1249,4,1,0,8000
1897,0,2,1,54,7,412,2,0,0,5000
1202,1,0,0,19,1,595,3,0,0,5000
1171,1,2,0,19,19,263,8,0,0,5000
964,0,0,1,22,0,2577,5,1,0,12000
1973,1,6,0,46,10,639,3,0,1,5000
1992,1,11,0,2,14,3206,10,1,0,15000
546,1,5,0,26,15,1550,3,1,0,8000
1093,0,1,1,31,12,1646,6,1,0,8000
1880,0,11,0,35,14,1930,15,1,0,12000
1765,0,3,0,11,7,3695,18,0,0,15000
1640,1,1,1,36,11,3235,10,0,1,15000
1830,0,0,0,7,12,2334,14,1,0,12000
826,0,3,0,62,19,1998,17,0,0,8000
1864,0,0,1,7,2,2258,10,0,0,12000
586,0,16,1,42,17,1869,7,1,1,8000
1206,1,10,1,30,13,1825,4,0,1,12000
832,1,1,1,5,2,3946,14,1,1,15000
848,0,1,0,8,3,436,15,1,1,5000
1851,0,0,0,53,2,2678,8,0,0,12000
1166,0,7,0,59,11,3887,7,0,1,15000
1776,1,10,0,35,16,1813,20,1,1,8000
1254,0,2,1,27,10,817,16,1,1,5000
1494,1,4,1,24,17,3614,9,0,0,15000
984,1,0,1,39,18,2013,16,1,0,8000
1179,0,1,0,5,17,543,18,0,1,5000
513,0,8,0,27,13,3400,13,1,1,12000
557,1,3,0,17,4,2623,16,0,0,8000
744,1,0,1,33,2,2700,19,0,0,12000
1129,1,9,1,21,10,1400,13,1,0,8000
1148,1,0,1,58,20,3127,11,0,0,12000
1793,0,12,1,44,17,2803,6,1,1,15000
1310,1,3,0,15,11,2518,5,1,1,12000
1604,0,1,0,6,15,3564,2,1,0,15000
1676,0,2,0,37,3,2515,4,0,1,12000
1001,1,1,0,40,7,3654,10,1,1,15000
1086,0,0,1,24,19,3930,18,1,1,15000
1986,1,7,1,39,19,3476,17,1,0,15000
634,0,5,0,41,12,3242,4,0,1,15000
502,0,7,0,52,8,2666,20,1,0,12000
1641,0,6,0,48,7,1695,17,0,1,12000
623,1,0,1,15,1,3510,18,0,1,12000
962,1,3,0,17,20,3438,20,0,0,15000
1057,0,3,1,41,10,2033,2,1,0,8000
1862,0,1,0,62,2,1017,9,0,0,8000
555,1,5,1,38,10,1686,8,0,1,8000
1000,0,1,1,58,12,862,20,0,0,5000
841,0,6,1,11,14,957,11,1,0,5000
865,0,5,0,16,12,3494,14,0,1,15000
999,1,11,1,56,13,3083,11,1,1,12000
1232,0,12,0,30,14,1656,15,1,1,8000
1194,0,6,1,34,12,313,19,1,0,5000
612,1,1,1,20,6,3282,18,1,1,15000
1362,0,0,0,47,4,3629,5,1,1,15000
1469,1,11,1,44,14,1687,5,1,1,8000
986,0,13,1,28,20,1149,18,1,0,5000
1843,0,1,1,62,7,3899,6,0,1,15000
1561,1,10,1,4,13,1783,10,1,0,12000
1695,1,2,1,47,13,1629,11,1,0,8000
667,1,3,0,8,7,2528,8,1,0,12000
1768,0,0,1,2,2,3256,5,1,0,15000
1269,1,16,0,41,17,2341,16,0,1,12000
1109,1,6,0,57,12,2785,16,0,0,12000
936,1,14,1,14,17,3761,12,0,0,15000
1713,0,9,1,5,16,1513,2,0,1,8000
1175,1,1,1,45,7,2240,5,1,0,8000
1940,1,0,1,5,1,820,3,1,1,8000
855,0,2,1,59,3,1875,8,1,1,8000
771,1,0,1,33,17,920,10,1,1,5000
645,0,10,1,63,14,3615,13,0,1,12000
1307,0,2,0,7,3,1412,5,0,1,8000
1948,1,4,0,5,13,361,10,1,0,5000
1509,1,5,0,50,8,1540,3,1,0,8000
626,1,3,1,11,9,1077,4,0,1,5000
1190,1,0,0,40,1,3610,9,0,1,15000
1727,1,10,0,57,18,512,6,0,0,5000
1670,0,14,0,62,20,3024,20,0,1,15000
1150,1,4,1,27,17,1610,16,0,0,8000
1208,0,5,1,16,19,2201,12,0,0,8000
1812,1,4,1,42,15,3338,11,1,1,15000
770,1,6,0,61,9,3473,4,0,1,15000
1559,1,10,1,10,17,2203,15,1,1,8000
1902,0,10,0,13,11,940,15,1,0,8000
1751,0,1,0,4,9,1155,12,1,1,8000
1416,1,0,0,20,0,3872,7,0,1,15000
1288,1,3,1,61,6,1882,10,0,1,12000
1003,0,16,1,16,19,1798,10,0,0,8000
1715,1,1,1,18,3,2598,3,0,0,15000
1967,0,0,1,46,7,1567,7,1,0,8000
962,1,14,0,2,20,1491,14,0,0,8000
1487,0,5,1,42,7,2003,3,0,0,12000
1569,1,4,1,54,6,3905,4,0,0,15000
1146,0,5,1,57,10,291,11,1,1,5000
1379,0,6,1,9,13,1693,18,0,1,8000
1504,1,7,1,25,9,1788,13,0,1,8000
1945,0,3,0,26,5,3322,20,0,1,15000
1630,1,0,1,32,1,1751,20,0,1,12000
1125,0,10,0,23,14,1641,12,1,0,8000
614,0,4,1,51,7,2854,12,0,1,12000
854,0,5,1,17,9,3115,2,0,0,12000
1470,1,6,0,45,9,3259,14,0,1,15000
1826,1,5,1,49,6,1612,17,1,0,12000
807,1,0,0,37,0,2319,4,0,0,8000
1996,1,0,1,7,4,1258,16,0,0,8000
1083,0,3,0,41,5,1543,10,0,1,8000
1035,1,14,1,49,15,3991,19,0,0,15000
1521,0,5,1,62,9,3555,19,0,0,15000
1314,1,13,1,5,18,3411,18,0,0,15000
535,0,5,0,24,19,524,4,0,0,5000
673,0,13,1,35,14,3541,4,0,1,15000
1219,1,5,0,4,7,1998,4,0,0,12000
1606,1,0,1,33,0,3437,2,0,0,15000
1603,1,1,1,17,8,1637,11,0,1,8000
1958,0,6,1,52,14,3064,3,0,0,15000
695,0,18,1,12,19,2855,7,1,1,12000
1441,1,0,1,53,12,1393,4,1,1,8000
1470,1,4,1,33,10,1633,4,0,0,12000
1890,0,4,1,48,5,2392,15,0,1,15000
1152,1,0,1,26,0,3284,8,0,1,15000
1619,0,3,0,20,9,464,16,0,1,5000
1002,0,1,0,45,7,1234,18,1,0,5000
742,0,0,1,36,1,292,6,1,1,5000
1306,1,2,1,33,9,2521,16,0,0,12000
1424,1,0,0,20,0,2658,19,0,0,12000
942,1,8,0,27,9,587,13,1,1,5000
1934,0,8,1,2,16,2190,9,0,1,12000
1290,1,19,1,35,20,879,8,0,0,5000
930,1,0,0,54,13,1743,9,1,0,12000
1699,0,16,0,21,20,1181,18,1,0,8000
1849,0,1,0,29,12,3330,15,0,1,15000
1922,0,15,1,42,16,3564,17,0,0,15000
548,1,0,1,56,14,562,8,1,1,5000
916,0,0,1,47,1,1659,11,1,0,8000
1783,0,8,0,14,11,1816,7,0,1,12000
1083,1,2,1,49,9,1338,5,1,1,5000
1698,0,10,1,7,12,2992,17,1,0,12000
1969,1,5,1,7,20,315,7,1,0,5000
869,0,0,0,2,3,3249,12,0,1,12000
1337,1,0,0,5,1,3242,20,1,0,12000
637,1,2,0,28,6,2725,7,0,0,12000
833,1,0,1,27,2,586,19,0,1,5000
1248,0,6,1,9,8,2454,13,1,0,12000
1174,0,7,0,30,20,804,16,1,1,5000
1831,0,3,1,44,14,2460,18,0,0,12000
1002,1,7,0,27,10,1295,17,0,1,5000
1010,1,2,1,8,3,2625,12,1,0,12000
1117,1,2,0,21,19,1999,2,0,1,8000
990,1,3,0,15,7,2698,6,0,0,12000
1564,0,5,1,26,16,3742,13,1,0,15000
1065,1,0,1,21,3,1193,20,0,1,8000
1982,0,12,0,24,16,3511,15,1,1,15000
1607,1,6,1,20,8,885,14,1,0,5000
1066,1,6,1,5,7,1044,11,0,0,5000
681,1,12,1,17,19,2548,5,0,1,12000
1163,1,0,1,19,1,2940,15,0,1,12000
1285,1,4,1,11,7,3966,2,1,1,15000
753,0,11,1,48,20,3484,16,0,0,15000
1779,1,2,0,5,3,1246,20,1,0,8000
987,0,4,1,52,8,2757,15,1,0,12000
511,1,15,1,24,18,2378,4,0,0,8000
1044,0,4,1,12,5,1794,19,1,1,8000
1855,0,5,0,32,18,3933,7,0,1,15000
946,0,9,0,26,10,1637,6,0,1,5000
657,1,2,0,21,8,783,11,1,0,5000
1673,0,2,0,42,6,3094,20,0,0,12000
731,1,0,1,28,0,1774,10,0,0,8000
926,0,6,1,59,14,256,2,0,1,5000
1261,0,3,1,52,9,1365,16,0,1,8000
618,0,11,1,45,20,2339,10,1,0,12000
936,0,5,1,57,6,2049,5,1,0,8000
1485,1,0,1,28,1,3241,11,1,0,15000
1339,1,10,1,21,11,867,3,1,0,5000
508,0,1,0,50,9,2175,14,0,1,8000
1938,1,5,0,44,9,3497,18,1,0,15000
995,1,1,0,10,3,609,5,0,1,5000
1086,1,0,1,43,1,3285,17,1,0,12000
1322,1,1,1,35,3,3684,6,0,0,15000
1864,1,2,0,57,6,3586,8,0,1,15000
1944,0,1,1,26,9,2322,7,0,1,12000
581,0,5,1,56,10,354,13,1,1,5000
1020,1,3,1,27,4,3204,9,0,1,15000
1936,0,2,0,44,3,1400,3,0,1,8000
1329,0,5,1,23,6,2308,9,1,0,8000
808,1,3,0,46,15,1082,10,0,1,5000
994,1,4,0,40,17,3104,11,0,0,12000
1811,0,3,1,22,8,2847,4,0,1,12000
765,0,3,0,44,11,2256,19,1,1,12000
993,1,0,0,16,13,1113,6,0,1,5000
1136,0,15,0,32,19,3210,8,1,1,15000
719,1,0,1,23,9,3990,12,1,1,15000
733,1,0,0,63,10,984,9,0,1,5000
1946,1,8,0,8,19,3117,2,0,0,15000
1230,0,0,1,48,2,1622,16,1,1,12000
1577,1,0,1,64,7,2967,7,1,1,15000
1514,0,3,1,12,4,1037,15,0,1,5000
579,0,3,0,7,10,2908,11,0,1,12000
574,0,1,1,30,3,1167,19,0,0,5000
1072,1,6,0,19,16,2715,16,1,0,12000
843,1,1,0,16,4,1734,14,0,1,8000
1492,0,5,0,11,7,2259,19,1,1,15000
1807,0,0,0,16,0,2921,17,1,0,15000
909,1,7,0,47,9,1244,16,1,0,5000
1876,1,9,1,64,19,3132,2,1,1,15000
1436,1,3,1,23,4,2488,8,0,0,12000
1251,1,10,1,29,16,1052,11,0,0,5000
636,0,8,1,28,15,2927,3,0,0,12000
1354,1,3,1,26,6,2090,13,1,0,8000
930,1,3,1,34,16,2131,6,0,1,12000
1830,0,7,1,47,11,3362,11,0,0,15000
1424,1,16,1,23,18,1053,16,1,1,8000
583,1,1,0,51,2,1799,7,1,0,8000
648,1,9,1,54,20,3124,13,0,0,15000
1203,1,0,1,11,12,1672,19,1,0,5000
1777,1,0,0,15,7,1552,10,1,0,8000
1299,1,0,0,64,6,1938,5,0,1,8000
1494,0,2,1,47,9,3202,14,0,0,15000
527,1,4,0,53,11,1302,13,0,0,5000
793,1,1,1,64,2,2296,5,1,0,8000
873,1,6,0,8,9,575,7,0,1,5000
722,0,12,0,12,20,2359,3,0,0,8000
1250,0,14,1,20,18,3314,6,1,1,12000
1358,0,0,0,60,1,440,13,0,0,5000
1035,1,8,0,11,10,2002,5,1,0,8000
1289,1,3,1,16,17,3167,20,1,0,15000
1445,1,2,0,37,6,3480,17,1,1,15000
1702,1,12,1,47,19,595,19,0,1,8000
534,1,4,0,2,16,2466,18,1,1,12000
628,0,5,0,60,6,1337,14,1,0,8000
713,1,4,0,53,17,1462,13,0,1,5000
1207,0,0,0,58,0,503,5,1,0,5000
683,0,7,0,30,8,2066,15,0,0,8000
594,0,1,0,27,2,708,17,1,1,5000
537,0,1,1,55,2,2029,12,1,1,8000
1565,0,0,0,38,1,308,7,1,1,5000
1052,0,1,0,6,16,552,11,0,1,5000
713,0,4,1,63,8,2082,12,0,0,8000
1766,1,1,0,16,7,3314,17,0,1,15000
584,1,1,1,19,4,3996,17,1,1,15000
1541,1,6,1,5,10,1795,4,1,1,8000
837,1,1,0,51,15,594,20,0,1,5000
935,1,3,1,58,12,2473,9,0,1,12000
665,0,0,1,31,2,690,15,0,0,5000
680,0,13,1,34,17,3845,4,1,1,15000
877,1,0,1,17,0,2004,9,1,1,8000
1493,1,13,0,53,16,2083,20,1,1,12000
1762,0,3,1,26,14,2661,4,1,0,12000
842,1,4,0,57,10,1903,14,1,0,8000
925,0,9,0,56,14,2466,5,0,0,12000
1692,0,4,1,2,17,3779,7,1,1,15000
1576,0,8,0,5,17,3904,7,1,1,15000
1065,1,4,1,48,8,265,12,0,0,5000
958,0,9,1,60,12,1417,19,0,1,5000
623,0,6,1,26,12,1769,16,0,0,8000
897,1,1,0,17,2,2948,5,0,1,12000
1110,0,4,1,41,16,2572,16,0,1,12000
616,0,3,1,21,4,3267,19,0,0,12000
1680,1,6,1,37,7,1459,2,1,0,8000
1715,0,0,1,12,6,1633,5,1,1,12000
983,1,0,1,45,11,2052,6,0,1,8000
720,1,12,1,14,14,1086,3,1,0,5000
1660,0,2,1,24,3,2402,14,1,1,12000
1564,1,1,0,42,2,3376,7,1,0,15000
592,1,1,0,52,10,1507,4,0,1,5000
969,1,2,1,44,7,641,8,0,1,5000
1356,1,0,0,35,19,3451,17,1,1,15000
504,0,8,0,14,9,1607,10,1,1,5000
1546,1,3,1,6,4,3521,9,0,0,15000
689,1,3,1,7,6,1241,16,0,0,5000
1685,0,14,0,16,15,881,17,1,1,5000
1792,0,3,1,62,8,2563,15,0,1,15000
1786,0,11,0,61,14,3033,17,1,0,15000
1944,1,9,1,59,10,769,3,0,1,5000
1077,0,13,1,49,14,3454,2,0,1,15000
648,0,1,1,60,4,819,4,0,0,5000
1702,1,8,0,2,19,435,3,1,1,5000
1571,0,1,0,30,3,586,4,1,1,5000
856,1,14,1,19,19,650,10,0,1,5000
1786,0,6,0,14,15,3038,14,0,0,15000
914,0,1,1,60,4,3736,5,0,0,15000
1615,0,3,0,9,13,2948,3,1,0,12000
649,0,4,1,19,12,739,2,1,0,5000
1646,0,3,1,25,5,686,11,1,0,5000
1189,0,5,0,7,20,841,11,1,0,5000
1043,0,3,0,29,17,1183,8,0,0,5000
1920,1,3,1,19,8,3943,4,1,0,15000
1220,0,1,0,54,20,1037,15,0,0,5000
1748,1,11,1,53,20,2633,9,0,0,12000
907,1,7,0,44,12,3911,8,0,0,15000
1193,0,7,0,20,13,1958,2,0,0,12000
1766,1,1,1,22,4,3297,16,0,0,15000
1278,0,7,1,24,16,3141,11,1,1,15000
1234,1,8,0,17,15,3351,19,0,1,12000
1961,0,10,0,55,20,2355,6,1,1,15000
1745,0,0,1,3,0,1308,2,1,0,8000
1442,1,1,0,27,8,991,7,0,0,5000
1083,1,1,1,39,2,3248,6,0,1,12000
868,0,5,0,5,7,1519,2,0,1,5000
864,1,0,1,53,1,493,10,1,0,5000
1142,0,0,0,2,0,1747,14,1,0,8000
608,1,0,0,64,0,2517,7,1,1,8000
983,0,0,1,53,4,1389,8,1,1,8000
1720,0,18,1,2,20,2522,2,0,1,12000
1802,1,8,0,27,16,1885,7,1,0,12000
591,1,18,1,16,20,704,4,1,1,5000
1205,0,5,0,10,10,953,20,1,1,5000
1369,1,3,0,28,18,3206,4,0,0,15000
713,1,0,0,42,14,928,9,0,1,5000
1082,1,11,0,2,20,2177,17,1,0,8000
1719,1,0,0,52,1,2610,11,1,1,12000
1544,0,18,1,12,20,489,2,0,1,5000
1090,0,1,1,8,8,3839,11,0,1,15000
1991,0,3,1,15,13,1861,17,1,1,8000
1367,0,4,0,56,6,299,10,1,0,5000
1179,0,7,1,32,12,340,16,0,0,5000
721,1,1,1,15,18,3606,5,1,1,15000
1549,1,0,0,62,4,799,9,0,1,5000
1349,1,3,0,46,12,2367,10,0,1,8000
1799,0,1,1,30,9,445,10,1,0,5000
1075,1,2,0,11,16,3927,7,0,0,15000
684,1,3,1,63,9,3756,12,1,1,15000
1837,0,9,0,36,20,770,15,0,1,5000
1619,0,2,1,21,9,1641,13,0,0,8000
965,0,1,0,13,2,2343,15,0,0,12000
730,0,9,0,9,15,2787,7,0,1,12000
1361,0,1,0,47,2,2495,16,0,1,12000
1494,0,3,1,45,4,3208,4,0,0,15000
1027,0,7,0,18,11,1234,14,0,1,5000
1807,1,0,1,38,0,1069,7,0,0,8000
709,1,1,0,11,11,3568,3,0,1,15000
689,0,2,0,45,11,3585,10,0,0,15000
955,0,2,0,2,10,1974,18,1,0,8000
1872,0,5,0,35,14,2419,19,0,0,15000
1259,1,0,0,13,0,340,4,0,1,5000
695,0,1,1,41,8,2282,17,1,0,8000
1969,1,9,0,63,11,298,10,1,0,5000
759,0,3,1,39,8,968,2,0,0,5000
936,0,1,0,18,18,2391,3,1,1,12000
1176,0,2,1,62,10,1534,17,0,0,8000
1802,1,0,1,10,9,696,3,1,0,5000
772,1,0,1,23,11,2782,17,0,0,12000
1318,0,1,1,45,7,755,9,0,1,5000
591,1,1,1,16,17,3746,5,1,0,15000
569,1,0,0,41,1,2651,4,0,0,8000
764,1,9,1,45,11,1341,12,0,0,5000
1056,1,8,1,37,11,2651,3,1,1,12000
1982,0,2,1,12,20,1824,14,1,1,8000
1830,0,5,0,14,6,1905,19,1,1,12000
1122,0,0,1,40,14,1456,20,1,0,8000
1023,0,2,1,63,8,3155,7,1,1,15000
1283,1,8,1,33,15,773,2,1,0,5000
1602,1,0,1,35,7,1829,13,0,0,12000
732,0,5,1,32,7,3883,5,0,1,15000
1854,1,0,1,33,0,1675,9,0,1,8000
718,1,1,1,30,12,1601,12,1,1,8000
897,0,3,1,2,10,1958,7,1,0,8000
1405,0,0,0,8,7,2376,11,1,0,12000
798,1,6,1,21,12,1647,3,0,0,8000
1035,0,1,0,40,15,3548,5,1,1,15000
1396,0,0,0,37,15,2694,19,0,1,12000
1749,1,7,1,49,8,2195,4,0,1,12000
1588,0,12,1,4,20,2506,11,0,0,12000
1600,0,1,1,16,16,2073,4,1,0,12000
1522,0,4,0,21,11,3767,16,0,1,15000
1279,0,5,1,7,6,1150,7,0,0,8000
719,0,7,0,6,8,841,2,0,0,5000
544,1,2,1,7,15,1675,17,1,0,5000
1007,1,5,1,21,12,1301,12,1,0,5000
590,1,0,0,32,1,1817,6,1,0,5000
1788,0,0,1,6,16,2321,20,1,0,12000
748,0,0,0,25,14,1974,13,1,1,8000
757,1,4,0,64,5,3433,10,1,0,12000
1561,1,1,1,27,10,1205,3,1,0,8000
1327,0,10,0,23,16,872,4,1,1,5000
797,1,4,0,18,20,2052,14,1,1,8000
727,1,0,1,64,9,3654,16,1,0,15000
686,1,0,0,36,1,1503,13,0,0,5000
1515,1,4,1,24,6,3104,20,0,0,15000
555,1,2,0,17,12,343,3,1,1,5000
1589,0,0,0,5,2,3430,19,1,1,15000
1976,1,6,0,45,19,2470,3,0,0,15000
1884,1,3,0,24,4,1396,9,1,1,8000
1063,0,0,0,27,7,2668,19,0,0,12000
672,1,13,0,61,20,1457,20,0,1,5000
635,0,9,0,16,17,2452,8,0,0,12000
1906,1,3,0,55,4,1871,4,0,1,8000
1753,0,4,0,40,11,1112,15,1,1,8000
659,1,2,1,3,6,967,14,0,1,5000
1583,1,0,0,14,4,2498,8,0,1,12000
1783,1,2,0,42,8,387,3,1,0,8000
1667,1,0,1,21,0,635,15,0,0,5000
640,1,5,1,6,20,2711,8,1,0,12000
1913,0,0,0,29,4,2023,8,1,0,12000
538,1,0,1,25,7,2215,17,1,1,8000
1191,0,6,1,46,9,824,7,0,0,5000
816,1,2,0,9,3,3851,14,0,1,15000
915,1,9,1,33,16,2156,13,1,0,8000
1157,0,7,0,27,8,2885,2,0,1,15000
1201,0,2,0,10,7,495,14,1,1,5000
1379,1,1,1,18,16,2358,15,1,0,12000
1483,0,3,1,53,11,1744,10,0,0,8000
1614,0,1,1,9,2,1832,11,0,0,8000
930,1,4,1,4,10,2016,16,1,1,8000
1454,0,8,0,6,20,1300,2,0,1,8000
1784,0,4,0,41,20,2313,11,1,0,12000
1262,1,12,0,34,16,3248,4,1,1,12000
797,1,0,0,37,2,2216,6,0,0,8000
1829,0,8,0,59,15,3142,5,1,1,15000
1139,1,6,1,58,11,1850,8,0,0,8000
618,0,9,1,13,15,1424,7,1,0,5000
1547,0,2,0,57,3,1620,19,1,1,8000
586,0,2,0,15,11,2592,3,0,0,8000
1617,0,8,1,36,9,296,7,0,0,5000
1882,0,11,1,44,19,3579,20,1,0,15000
674,1,1,0,21,4,1180,4,1,1,5000
1467,0,0,0,18,0,3962,5,1,1,15000
858,0,1,0,50,2,3978,3,1,0,15000
794,1,0,1,2,14,668,19,1,0,5000
1965,1,0,0,39,3,2032,16,1,1,12000
1911,1,1,1,36,3,3057,5,1,0,15000
1512,0,4,1,46,5,869,19,1,1,5000
510,1,5,1,45,16,3919,2,1,1,15000
